,Word,Frequency
0,"buzzfeedfoodVerifiedâ€¢Follow195,343",1
1,viewsFebruary,1
2,28,1
3,"buzzfeedfoodVerifiedâ€¢Follow97,609",1
4,viewsbuzzfeedfoodVerifiedAre,1
5,you,55
6,ready,1
7,to,85
8,get,9
9,bougie,1
10,on,20
11,a,78
12,budget?,1
13,You,3
14,can,13
15,Michelin,1
16,star,1
17,meal,1
18,in,72
19,Paris!,1
20,ğŸ‡«ğŸ‡·Follow,1
21,ğŸ‘‰@bringme,2
22,for,58
23,more,12
24,foodie,6
25,adventures!18wsimplenutrition247ğŸ¤©ğŸ¤©2wReplyvegcomaPlease,1
26,follow,14
27,@vegcoma,1
28,vegetarian,1
29,recipes!1wReplynycbakerydirectOmg!!1wReplygraussweetsensationâ¤ï¸â¤ï¸1wReplyindiantravellerjiWow.ğŸ‘1wReplyqibtiyah_naveedLuks,1
30,amazing,6
31,keep,1
32,up,9
33,the,142
34,hard,5
35,workâ¤ï¸â¤ï¸ğŸ¤¤1wReplytravelers_in_tastingSuch,1
36,fantastic,1
37,desserts,1
38,ğŸ˜1wReplysahoonsbğŸ˜ğŸ˜ğŸ˜4dReplymcribeyIâ€™m,1
39,allergic4dReplylilly_che8256ğŸ˜,1
40,@carb_cuties2dReplysavourelishIâ€™m,1
41,an,6
42,aspiring,1
43,food,16
44,blogger!,1
45,Please,3
46,check,4
47,out,16
48,my,33
49,page10hReplychophappyğŸ˜ğŸ˜ğŸ˜ğŸ˜ğŸ˜7hReplyFebruary,1
50,27Post,2
51,"buzzfeedfoodVerifiedâ€¢Follow110,264",1
52,viewsbuzzfeedfoodVerifiedWhy,1
53,aren't,1
54,following,2
55,@bringme,7
56,yet?!,1
57,ğŸœFollow,1
58,adventures!,2
59,ğŸŒâœˆï¸26wnoturcloutchaser.assiNo,1
60,ichiraku,1
61,has,3
62,da,1
63,best,17
64,ramen9w1,1
65,likeReplyfooddrivenmindsIn,1
66,Japan,1
67,Ramen,1
68,is,51
69,another,1
70,world,2
71,ğŸŒ9w1,1
72,likeReplycleanyourplaterxMmmmmm,1
73,drooling7w1,1
74,likeReplyits_smriti_babeHey,2
75,I,53
76,really,12
77,like,20
78,ur,5
79,content,2
80,plz,2
81,me,23
82,if,7
83,u,9
84,ones6w1,1
85,ones6wReplytheofficialfwordAhh,1
86,love,11
87,ramen,2
88,ğŸ˜ğŸ˜6w1,1
89,likeReplyweightloss.betterme_ğŸ”¥ğŸ”¥ğŸ”¥ğŸ”¥ğŸ”¥ğŸ”¥4wReplyfood.and.worldtravelThe,1
90,Gastronaut,1
91,waiting,1
92,search,1
93,of,66
94,new,6
95,around,5
96,world!3wReplyabhishekchaharhttps://youtu.be/DbXnjyj6iaI3wReplynycbakerydirectWow!1wReplysahoonsbğŸ˜ğŸ˜ğŸ˜4dReplychophappyOmg,1
97,totally,2
98,need,9
99,try,6
100,this,39
101,place7hReplyJanuary,1
102,3Post,1
103,"buzzfeedfoodVerifiedâ€¢Follow281,075",1
104,viewsbuzzfeedfoodVerifiedBrazil,1
105,makes,3
106,cheesiest,1
107,chili,1
108,cheeseburgers!,1
109,ğŸ˜‹ğŸ”Follow,1
110,more!26w_3ybp_Super,1
111,tasty,1
112,burger,2
113,OMG!!2w1,1
114,likeReplythecondimentqueensGetting,1
115,VERY,1
116,saucey2wReplybudmother_officialğŸ¤¤ğŸ¤¤ğŸ¤¤ğŸ¤¤2w1,1
117,likeReplymona.rchy_hereğŸ˜2wReplytashascarlet@corrie_20,1
118,ğŸ¤¤2wReplyindiantravellerjiAmazing,1
119,ğŸ‘1wReplycharaf_majidi@ahlamboumajdi,1
120,hmmmmm1w1,1
121,likeReplyView,18
122,replies,130
123,(1)rosieskitchentimeFood,1
124,Inspos!,1
125,Check,3
126,page!5dReplysahoonsbğŸ‘ğŸ‘ğŸ‘4dReplyluminary_inkJeez,1
127,Louise,1
128,man.,1
129,Iâ€™m,9
130,hungry4d1,1
131,likeReplyephemeral.85OMFG,1
132,ğŸ¤¤ğŸ¤¤ğŸ¤¤ğŸ¤¤,1
133,who,5
134,else,2
135,watches,1
136,clips,1
137,because,4
138,they're,2
139,hungry?1dReplyb00ted_no,1
140,Bev!!!7hReplyJanuary,1
141,2Post,1
142,"buzzfeedfoodVerifiedâ€¢Follow173,876",1
143,viewsbuzzfeedfoodVerifiedMove,1
144,over,3
145,"Italy,",1
146,Vancouver,1
147,might,3
148,have,20
149,world's,1
150,gelato!,1
151,ğŸ¨What's,1
152,your,40
153,favorite,4
154,gelato,1
155,flavor?,1
156,Follow,2
157,mouthwatering,1
158,adventures,4
159,globe!,2
160,ğŸŒ26wthemoodyblondeğŸ¤¤ğŸ¤¤ğŸ¤¤ğŸ¤¤4wReplyluthfiabudzarg@frintiana4wReplyView,1
161,(18)fancyfeet393YUM3wReplysuperlechonphNah...,1
162,Still,1
163,Italy3wReplythe_lazyycookWow3wReplytamia_b2@taibryn_basisky,1
164,omg,1
165,wish,1
166,we,6
167,still,12
168,lived,1
169,there,5
170,ğŸ˜­ğŸ˜­3wReplysahoonsbğŸ˜®ğŸ˜®ğŸ˜®ğŸ˜®4dReplyamourvita7Kindly,1
171,&,5
172,support,3
173,â¤ï¸2dReplyankit.jais1Looking,1
174,microwave,2
175,oven!I,1
176,listed,1
177,top,1
178,ovens,1
179,buy!https://cthestore.com/best-microwave-ovens/2dReplyspiceoflifewithpriyankaHi,1
180,Everyone!,1
181,I'm,6
182,beginner,1
183,YouTubeâ˜ºï¸,1
184,please,4
185,watch,2
186,videos,4
187,â˜ºï¸,1
188,and,104
189,them,8
190,then,3
191,do,12
192,subscribe,1
193,channel,2
194,ğŸ˜ƒğŸ‘,1
195,Need,1
196,guys!,1
197,May,1
198,God,1
199,bless,1
200,all,16
201,ğŸ˜‡,1
202,link,4
203,bio1dReplychophappyYessssâ¤ï¸â¤ï¸â¤ï¸â¤ï¸7hReplybrosmitty@olivianelson723mReplyJanuary,1
204,1Post,1
205,"buzzfeedfoodVerifiedâ€¢Follow124,691",1
206,viewsbuzzfeedfoodVerifiedSushi,1
207,+,1
208,sustainability,1
209,=,1
210,dream,1
211,come,3
212,true!,1
213,ğŸ£Follow,1
214,world!,2
215,âœˆï¸.....#bringme,1
216,#portlandtravel,1
217,#sushirestuarant,1
218,#sushi,1
219,#oregontravel,1
220,#sustainability26wthestallyshowIf,1
221,youâ€™re,5
222,reading,1
223,"this,",1
224,channel.,1
225,cook,3
226,Caribbean,1
227,stuff,2
228,ğŸ˜€5w1,1
229,(1)foodie_lifexThis,1
230,needs,1
231,go,5
232,bucket,1
233,list,1
234,sure!5w1,1
235,(1)food_the_fascinationHi,1
236,âœŒï¸,1
237,just,13
238,created,1
239,instagram.,2
240,It,3
241,would,6
242,mean,2
243,lot,5
244,Thank,2
245,yâ€™all,2
246,ğŸ˜â¤ï¸4w1,1
247,likeReply_jentre_heyyyhttps://youtu.be/C3hOSBFJdBo4wReplyprimaldoughğŸ˜¨ğŸ˜¨ğŸ˜¨ğŸ¤¤ğŸ¤¤ğŸ¤¤ğŸ¤¤3wReplyin_spirantPlease,1
248,profile,1
249,plenty,2
250,recipes3wReplyView,1
251,(2)the_lazyycookâ¤ï¸â¤ï¸3wReplyscuruchiVerifiedâ¤ï¸2wReplyView,1
252,(1)indiantravellerjiâ¤ï¸â¤ï¸â¤ï¸1wReplyissafif11@adriana_melhem,1
253,@grazieelmelhem1w1,1
254,(2)sahoonsbğŸ”¥ğŸ”¥ğŸ”¥ğŸ”¥ğŸ”¥ğŸ”¥4dReplylaila._.cuisineFollow,1
255,page,5
256,interesting,2
257,cooking,5
258,recipes...Also,1
259,share,1
260,â¤ğŸ˜3dReplyDecember,1
261,"31,",1
262,2019Post,5
263,"buzzfeedfoodVerifiedâ€¢Follow125,508",1
264,viewsbuzzfeedfoodVerifiedThese,1
265,are,28
266,cheesecake,2
267,tea,1
268,cups,2
269,I'll,3
270,take,5
271,one,16
272,EVERYTHING.,1
273,ğŸ˜ğŸ°Follow,1
274,âœˆï¸28wbooboobeleits,1
275,good3w1,1
276,likeReplyglitzycupcakeslaAMAZING,1
277,âœ¨ğŸ§3wReplythe_lazyycookThis,1
278,awesome3wReplysilent_knight_000Food,1
279,art,1
280,lovers,1
281,@hiyaar_majhe,1
282,â¤ï¸2wReplyhouserestooYumğŸ”¥2wReplybudmother_officialğŸ˜ğŸ˜ğŸ¤¤ğŸ¤¤2wReplyaka__mithrandirFollow,1
283,:,2
284,@that_cooking_chic,1
285,exclusive,1
286,recipes2w1,1
287,likeReply4forkspearsWow,1
288,ğŸ˜‹,2
289,this.,2
290,"check,",1
291,@4forkspears1wReplyvickie_nightsğŸ‘1wReply___kanika_sharma@1_dm_,1
292,kb,1
293,khae??6d1,1
294,(1)vello_2020My,1
295,stomachs,1
296,growling,1
297,now5dReplyhendrina28So,1
298,delicious5dReplyDecember,1
299,"22,",1
300,"buzzfeedfoodVerifiedâ€¢Follow78,860",1
301,viewsbuzzfeedfoodVerifiedThis,1
302,place,6
303,serves,1
304,pickle,1
305,beer,1
306,flights,1
307,with,37
308,southern,1
309,twist!,1
310,ğŸ»Follow,1
311,âœˆï¸28wemilyy_mac@itsdickison14wReply692mommyshark@dianapphillipss,1
312,favvv14w1,1
313,(2)foodunterWowww!!,1
314,So,2
315,good,7
316,ğŸ˜10wReplyindigenousmama_The,1
317,looks,9
318,nasty,1
319,lol10wReplydanielleruckert@julgilbride,1
320,next,4
321,time,11
322,nyc,1
323,here??9wReply162frank@samantha_anne6137wReplybeerbiryani2020For,1
324,yummy,7
325,@beerbiryani20207wReplybeerbiryani2020@rjmanvitha7wReplynicolenorn@dannytilley6wReplyjalnafoodexplorersTry,1
326,sometime,1
327,The,8
328,Indian,1
329,Pickles.....,1
330,ğŸ˜ğŸ˜ğŸ˜ğŸ˜6wReplymochichanie@ctlkip1wReplymrollins55@rosesfromruins_3dReplyDecember,1
331,"21,",1
332,"buzzfeedfoodVerifiedâ€¢Follow143,039",1
333,viewsbuzzfeedfoodVerifiedCozy,1
334,at,20
335,hot,6
336,chocolate,11
337,cafÃ©!,1
338,They,5
339,50,1
340,different,3
341,kinds!,1
342,â˜•ï¸ğŸ«Follow,1
343,âœˆï¸28wlittlelifetableYummmmmmm,1
344,ğŸ«ğŸ«ğŸ«ğŸ«21w1,1
345,likeReplyclaudz_privv@kathyunfiltered_17w1,1
346,likeReplync_rayyy@angelicanavedo,1
347,trip,1
348,ğŸ˜13w2,1
349,likesReplyView,104
350,(1)luscinia_onlineshopTasty11w1,1
351,likeReplyjaz_goddard@sam_kleen12,1
352,this11w1,1
353,likeReply_plami__This,1
354,perfect,2
355,ğŸ˜Šâœ¨ğŸ’›ğŸ’›10w1,1
356,likeReplytomstailgatemexigrillâ¤ï¸10w1,1
357,likeReplycreatedbitesFollow,1
358,awesome,2
359,coffees8wReplyfiona_butchart@svehloka,1
360,does,4
361,exist??5wReplyView,1
362,(1)zara_zutshiYou,1
363,great,4
364,recipes..,1
365,let's,1
366,each,3
367,other,4
368,https://www.youtube.com/channel/UCFTU0xkS8uan_yEcbYXeCpg3wReplyyesitsme.shelbyokay,1
369,so,24
370,its,3
371,drinking,1
372,melted,4
373,chocolate?1wReplyvello_2020Ahhhhhhh!!!!!,1
374,gonna,2
375,insane!,1
376,want,6
377,sooo,2
378,bad.5dReplyDecember,1
379,"19,",1
380,"buzzfeedfoodVerifiedâ€¢Follow166,063",1
381,viewsbuzzfeedfoodVerifiedThanks,1
382,dairy-free,1
383,blueberry,1
384,lime,1
385,â€œcheesecakeâ€,1
386,recipe,5
387,@goodful,1
388,ğŸ˜ğŸ¤¤30wjalnafoodexplorersğŸ˜ğŸ˜ğŸ˜ğŸ˜ğŸ˜ğŸ˜6wReplyjalnafoodexplorersğŸ˜ğŸ˜ğŸ˜ğŸ˜ğŸ˜ğŸ˜ğŸ˜6wReplyjalnafoodexplorersğŸ˜ğŸ˜ğŸ˜ğŸ˜ğŸ˜ğŸ˜ğŸ˜ğŸ˜6wReplyjalnafoodexplorersğŸ˜ğŸ˜ğŸ˜ğŸ˜ğŸ˜ğŸ˜ğŸ˜ğŸ˜ğŸ˜ğŸ˜6wReplyjalnafoodexplorersğŸ˜ğŸ˜ğŸ˜ğŸ˜ğŸ˜ğŸ˜ğŸ˜ğŸ˜6wReplytheguiltfreekitchenğŸ˜ğŸ¤¤6wReplysweetandspicy.byjFollow,1
389,@sweetandspicy.byj,1
390,recipes,6
391,every,4
392,single,1
393,day!!ğŸ˜5wReplyrealyoungstuntzLooking,1
394,good5wReplyfoodideasdailyFollow,1
395,daily,2
396,healthy,1
397,delicious,7
398,@foodideasdaily4wReplythemoodyblondeI,1
399,say,3
400,super,2
401,small,1
402,price,1
403,rest,2
404,cakeğŸ˜‚ğŸ˜‚ğŸ˜‚4wReplycuizineblogAmazingğŸ‘ğŸ‘ğŸ˜2wReplyaka__mithrandir@that_cooking_chic2w1,1
405,likeReplyDecember,1
406,"6,",1
407,foodgodVerifiedâ€¢FollowL&B,1
408,Spumoni,1
409,"Gardens242,627",1
410,viewsfoodgodVerifiedBIG,1
411,SURPRISE!!5davabracciaYou,1
412,went,1
413,l&b,1
414,didn't,1
415,square,1
416,slice?!5d3,1
417,(4)rossana_marieI,1
418,canâ€™t,2
419,believe,1
420,were,1
421,neighborhood,1
422,again,3
423,missed,1
424,you5d8,1
425,(1)kimba6134ğŸ´5d7,1
426,likesReplyregancrooks19ğŸ‘€5d5,1
427,likesReplyhumanbeing098ğŸ´5d5,1
428,likesReplyjanelovestoeatcakeğŸ´5d4,1
429,likesReplyjess_scheezy_parreezyFaveeeeeeeeeee5d3,1
430,(1)arnosaursğŸ´ğŸ´ğŸ´ğŸ´ğŸ´ğŸ´5d2,1
431,likesReplykylie_csğŸ”¥ğŸ”¥5d2,1
432,likesReplyshayandeaverThat,1
433,dopeeee,1
434,ğŸ”¥ğŸ”¥5d2,1
435,likesReplygill.allegrağŸ´5d2,1
436,likesReplylaura_annna98_ukğŸ¥„ğŸ´5d2,1
437,likesReply5,2
438,days,18
439,agoPost,23
440,"foodgodVerifiedâ€¢Follow371,690",1
441,viewsfoodgodVerifiedAre,1
442,trying,1
443,Ice,1
444,Jelly,1
445,or,18
446,NOT???â£â£â£ğŸ“¹,1
447,@kuliner_lampung1walejenesOrang,1
448,barat,1
449,tau,1
450,cincau,1
451,juga,1
452,ğŸ˜€1w17,1
453,(30)kuliner_lampungThankyouu,1
454,ğŸ˜ğŸ˜1w16,1
455,(1)fvolyonğŸ˜‹1w6,1
456,likesReplyfvolyonğŸ˜‹ğŸ˜˜,1
457,kiss,1
458,from,14
459,France,1
460,ğŸ˜1w6,1
461,likesReplyflor_o_pardoğŸ˜‹1w4,2
462,likesReplydanshortland96ğŸ˜‹ğŸ˜‹ğŸ˜‹ğŸ˜‹ğŸ˜‹1w3,1
463,likesReplyfarid_77_88ğŸ‘1w3,1
464,likesReplytiajzhaneWhere,1
465,find,4
466,ğŸ˜©1w2,1
467,(7)lilybee05Negative1w6,1
468,likesReplyian.bo.bianNope1w6,1
469,likesReplyericalynn6910Not1w5,1
470,likesReplyJune,5
471,25Post,3
472,"foodgodVerifiedâ€¢Follow595,034",1
473,viewsfoodgodVerified@EnjoyNoshMates,1
474,Watermelon,1
475,ğŸ‰,1
476,Fruit,1
477,Jerkyis,1
478,greatest,1
479,thing,3
480,since,1
481,sliced,1
482,bread,1
483,ğŸ˜Go,1
484,grab,1
485,own,6
486,now,7
487,@Costco,1
488,#NoshMatespartner,1
489,#Costco2warminenWhere,1
490,running?2w18,1
491,(2)hunterfieriVerifiedHaha,1
492,character,1
493,dude,1
494,it2w25,1
495,(1)elohorekureWhat's,1
496,watermelon,3
497,without,2
498,water2w48,1
499,(6)janelovestoeatcakeHow,1
500,jerky,1
501,taste?2w7,1
502,(5)arnosaursHi,1
503,foodgod....why,1
504,did,5
505,deleted,1
506,this??â™¥ï¸ğŸ”¥,1
507,Dm??â™¥ï¸2w2,1
508,(2)mat_tzSo,1
509,telling,2
510,holding,1
511,nearly,1
512,70,1
513,lbs,1
514,handed,1
515,ease,3
516,ğŸ¤”2w14,1
517,(3)winnie_sportsgirlDid,1
518,jump,2
519,pool?2w11,1
520,(3)beccabear5321But,1
521,ya,2
522,pool,1
523,end,3
524,nah?2w13,1
525,(2)legendary_legacy1Iâ€™ll,1
526,stick,2
527,seeded,1
528,fruit,1
529,when,5
530,itâ€™s,5
531,fresh.2w23,1
532,likesReplyyaa.donlyThereâ€™s,1
533,nothing,2
534,fresh,3
535,watermelon..,1
536,Iâ€™ll,1
537,ğŸ¤·ğŸ½â€â™€ï¸2w19,1
538,(2)bossbitchgirllğŸ‰2w7,1
539,(1)tonyajoy3ğŸ‰ğŸ‰ğŸ‰ğŸ‰ğŸ‰2w6,1
540,(1)June,2
541,21Post,1
542,"foodgodVerifiedâ€¢Follow897,880",1
543,viewsfoodgodVerifiedCan,1
544,guess,1
545,what,8
546,it,26
547,is??â£â£â£â£â£ğŸ“¹,1
548,Kwai/ddtv11112wdavideinhornVerifiedMarshmallow2w178,1
549,(1)foodgodVerifiedCheck,1
550,game!!,1
551,Link,1
552,bio2w95,1
553,(10)ninimun77Mozzarella!ğŸ˜‹ğŸ˜‹ğŸ˜‹ğŸ˜‹2w183,1
554,(12)_the.franchise_MOCHI2w146,1
555,(3)chrisrooyCheeese,1
556,?2w61,1
557,(1)un_basic_creativeCloud,1
558,bread.2w53,1
559,likesReplytheblondetechMochi,1
560,dough?2w36,1
561,(2)zombiemaddcraziiTOFU2w33,1
562,(2)salazar_el_hefeI,1
563,don't,4
564,know,4
565,but,23
566,eat,6
567,it2w35,1
568,likesReplyfer_0720Marshmallow?2w26,1
569,(1)tiramisu_guyI,1
570,am,5
571,journey,2
572,see,6
573,how,12
574,many,3
575,countries,1
576,travel,2
577,brand,1
578,deals,1
579,sponsorships.,1
580,ğŸ“2w23,1
581,(2)majeed.alkhatibBuratta2w18,1
582,(3)June,1
583,19Post,1
584,"foodgodVerifiedâ€¢Follow214,271",1
585,viewsfoodgodVerifiedGiving,1
586,away,1
587,gift,1
588,cards,1
589,restaurants,6
590,ğŸ•,1
591,ğŸ”,1
592,ğŸœ,1
593,...,2
594,ğŸ°,1
595,Hereâ€™s,1
596,chance,1
597,win,1
598,ğŸ‘‰ğŸ»,1
599,My,3
600,game,2
601,available,1
602,download,2
603,(link,1
604,bio),1
605,Itâ€™s,2
606,free,2
607,play,2
608,download!!,1
609,@celebrityslotsofficial,1
610,#CelebritySlotsPartner,1
611,#CelebritySlots,1
612,â£#ğŸ°ğŸ“²2wlaura_annna98_ukJust,1
613,downloaded,1
614,ğŸ”¥,1
615,game2w1,1
616,(1)brenmnmğŸ¤©ğŸ¤©ğŸ¤©ğŸ¤©ğŸ¤©,1
617,PLEASE,1
618,RESPOND!!!,1
619,friends,1
620,dream!!!,1
621,A,5
622,dinner,1
623,be,12
624,awesome2w3,1
625,(2)regancrooks19You,1
626,soo,1
627,addictive2w3,1
628,(2)regina_dzhuraItâ€™s,1
629,order,2
630,most,5
631,expensive,1
632,menu,1
633,ğŸ‘…2w4,1
634,(2)rivkylefkowitzYou,1
635,tv,1
636,show!!!2w3,1
637,"(3)kruboybarweeCongratulation,",1
638,hope,2
639,people,8
640,actually,4
641,wins....2w3,1
642,(2)aimee_louise8ğŸ¤©2w1,1
643,(1)itsannemooreVerifiedğŸ’›2w2,1
644,likesReplyambrxsecan't,1
645,wait,1
646,ğŸ°ğŸ°ğŸ”¥ğŸ”¥2w1,1
647,likeReplyharrisonpresenterğŸ¤©2w1,1
648,likeReplyitalianbella3490ğŸ¤©2w1,1
649,likeReplyharrisonpresenterIâ€™m,1
650,going,5
651,ğŸ¤©â¤ï¸2w1,1
652,likeReplyJune,3
653,16Post,1
654,"foodgodVerifiedâ€¢Follow439,183",1
655,viewsfoodgodVerifiedMy,1
656,cameo,1
657,hottest,1
658,video,7
659,Russia.,1
660,Thanks,1
661,@timatiofficial,1
662,ğŸ­ğŸ”¥ğŸ¬3wmaybe__bCrazy!,1
663,Can,1
664,speak,1
665,Russian?)3w10,1
666,(2)alchemistVerifiedWhoooa,1
667,ğŸ‚3w28,1
668,likesReplyromerobrittoVerifiedâ¤ï¸â¤ï¸â¤ï¸â¤ï¸â¤ï¸â¤ï¸â¤ï¸â¤ï¸3w33,1
669,likesReplyalinavernerrĞ˜Ğ½Ñ‚ĞµÑ€ĞµÑĞ½Ğ¾,1
670,ÑĞºĞ¾Ğ»ÑŒĞºĞ¾,1
671,ĞµĞ¼Ñƒ,1
672,Ğ·Ğ°Ğ¿Ğ»Ğ°Ñ‚Ğ¸Ğ»Ğ¸,1
673,Ğ·Ğ°,1
674,ÑÑ‚Ğ¾ğŸ’©3w79,1
675,"(3)said_kadirov777Ğ§Ñ‚Ğ¾Ğ¾Ğ¾Ğ¾Ğ¾,",1
676,Ğ½Ğµ,1
677,Ğ¾Ğ¶Ğ¸Ğ´Ğ°Ğ»ğŸ˜¹ğŸ”¥ğŸ‡·ğŸ‡º3w40,1
678,likesReplynail_sunnylaĞÑ…ÑƒĞµĞ½Ğ½Ñ‹Ğ¹,1
679,Ñ…Ğ°Ğ²Ñ‡Ğ¸Ğº,1
680,ğŸ”¥ğŸ˜3w29,1
681,(2)tioma_jpgĞ¤Ñ€Ğ¾Ğ¼,1
682,Ğ Ğ°ÑˆĞ°,1
683,Ğ²Ğ¸Ğ·,1
684,Ğ»Ğ¾Ğ²Ğµ3w29,1
685,likesReplydalerametist21VerifiedĞºĞ°Ğ¼ĞµĞ¾,1
686,Ğ²Ñ‹Ñ‚Ğ°Ñ‰Ğ¸Ğ»Ğ¾,1
687,Ğ²ĞµÑÑŒ,1
688,ĞºĞ»Ğ¸Ğ¿,1
689,ğŸ˜‚3w17,1
690,(1)di_harutyunyani,1
691,was,14
692,shocked,1
693,i,5
694,saw,1
695,u))3w4,1
696,likesReplyshamsiddin.97Ğ’Ğ¾Ñ‚,1
697,ÑÑ‚Ğ¾,1
698,ÑƒÑ€Ğ¾Ğ²ĞµĞ½ÑŒ,1
699,ğŸ”¥ğŸ”¥ğŸ”¥ğŸ”¥3w13,1
700,likesReplysantiago__tabordağŸ­3w2,1
701,likesReply___rela___ğŸ­3w2,1
702,13Post,1
703,"foodgodVerifiedâ€¢Follow940,201",1
704,viewsfoodgodVerifiedOn,1
705,scale,1
706,1-10,1
707,satisfying,1
708,this?!,1
709,ğŸ˜â£â£ğŸœâ£â£â£ğŸ“¹,1
710,1912284641,1
711,(Kwai)â£â£4weetaliyafalconyI,1
712,"part,",1
713,why,2
714,call,3
715,self,1
716,God?,1
717,understand,1
718,"that,",1
719,saying!4w212,1
720,(182)jomanspamOooo,1
721,kind,2
722,noodles,1
723,those??4w60,1
724,(36)deathbymartymarVerifiedI,1
725,thought,2
726,big,2
727,cake,2
728,pop,1
729,sec,1
730,ğŸ¤§4w60,1
731,likesReplylaura_868_I,1
732,must,1
733,watched,2
734,about,9
735,10,3
736,times!4w31,1
737,(2)tiramisu_guyI,1
738,will,9
739,grow,1
740,Instagam,1
741,account,1
742,enough,1
743,country,2
744,"world,",1
745,quit,1
746,day,6
747,job.,1
748,Your,1
749,"life,",1
750,choice.,1
751,ğŸ’ª4w20,1
752,(1)_pot_headprincessThis,1
753,not,15
754,supposed,1
755,it4w17,1
756,likesReplyefilburnWhat,1
757,sorcery,1
758,this?,1
759,ğŸ˜ğŸ§™ğŸ¼â€â™‚ï¸4w13,1
760,(1)afiszerJello,1
761,noodles?,1
762,No,2
763,thanks,2
764,Jonathan4w8,1
765,likesReplyHide,1
766,repliesccallowayyWhat,1
767,even,4
768,it?4w2,1
769,(4)bitacurvesIt,1
770,sure,1
771,taste,4
772,like.4w2,1
773,(4)emiisnotfunnyanymore10,1
774,ğŸ˜4w6,1
775,likesReplymarysolpattonVerifiedThatâ€™s,1
776,Cool,1
777,ğŸ‘ğŸ»4w6,1
778,8Post,1
779,foodgodVerifiedâ€¢FollowCannes,1
780,Film,2
781,Festival,1
782,"Events304,576",1
783,viewsfoodgodVerifiedMissing,1
784,Cannes,1
785,Festival!!,1
786,What,1
787,events,1
788,missing,1
789,on??7wigksalonsHAIR,1
790,ğŸ”¥3wReplysarahbethmcg123Like,1
791,boss!!ğŸ”¥ğŸ”¥ğŸ”¥3wReplypalomalsilvağŸ’–3wReplyscott_disickkkğŸ”¥â¤ï¸ğŸ”¥â¤ï¸ğŸ”¥â¤ï¸,1
792,ğŸ‘ŒğŸ»ğŸ‘ŒğŸ»2wReplyjust8ateAwesome,1
793,award,1
794,winning,1
795,ğŸ‘,1
796,â¤ï¸ğŸ±1wReplythemuhammedbux@nusr_et,1
797,savage1wReplydavi____fariağŸ‘ğŸ‘ğŸ‘ğŸ‘1wReplydavi____fariağŸ‘ğŸ‘ğŸ‘ğŸ‘ğŸ‘1wReplydavi____fariağŸ”ğŸ”ğŸ”ğŸ”ğŸ”1wReplydavi____fariağŸ‘ğŸ‘ğŸ‘ğŸ‘1wReplytamika.geldartFood,1
798,GodddğŸ”¥ğŸ”¥5d1,1
799,likeReplymyrthealexMissing,1
800,tour.5dReplyMay,1
801,18Post,1
802,"foodgodVerifiedâ€¢Follow935,667",1
803,viewsfoodgodVerifiedShould,1
804,"dark,",1
805,"milk,",1
806,white,6
807,pool??â£â£ğŸ“¹@mrhalawa9wtracyavantartDefinitely,1
808,milk!!!!â¤ï¸1wReplycarolinamendelblattDark1wReplyhannahmarie954@kimkardashian,1
809,Milk,1
810,best!,1
811,Yes!,1
812,ğŸ¥›,1
813,ğŸ«1wReply__._yummy_.__Omg,1
814,ğŸ˜®,1
815,ğŸ¤¤6dReplyteresacoble63White6dReplymichelleajuarez_@jgerardo7,1
816,craving6d1,1
817,likeReplyqueen.ofda.hill@stocktonslap90,1
818,ğŸ˜5d1,1
819,likeReplytamika.geldartYummyyyyyğŸ˜»ğŸ˜»ğŸ˜»5d1,1
820,likeReplytamika.geldartI,1
821,some,9
822,right,5
823,ğŸ˜¢ğŸ˜¢ğŸ˜¢ğŸ˜¢5d1,1
824,likeReplytamika.geldartOoooooğŸ˜ğŸ˜5d1,1
825,likeReplyvictoriam800DARK5dReplysorchalondon65%,1
826,dark3dReplyApril,1
827,28Post,1
828,"foodgodVerifiedâ€¢Follow505,344",1
829,viewsfoodgodVerifiedI,1
830,built,1
831,gym,1
832,w/,1
833,@vodkabeluga,1
834,..,4
835,wants,1
836,one?,1
837,adwatch,1
838,till,2
839,ending...,1
840,surpriseğŸš²ğŸŒ™10wwarda_xoâ€œIdk,1
841,jumpropeğŸ¤ªâ€,1
842,*jumpropes*2w1,1
843,likeReplycleopatra_theillestğŸ¤£ğŸ¤£ğŸ¤£ğŸ¤£ğŸ¤£ğŸ¤£2wReplycleopatra_theillestğŸ’ª2wReplycleopatra_theillestğŸ¤£ğŸ¤£ğŸ¤£ğŸ¤£ğŸ¤£ğŸ¤£ğŸ¤£ğŸ¤£2wReplymiss_trendee1ğŸ™ğŸ¾ğŸ’œğŸ’œğŸ’œ2wReplyscott_disickkkSuper,1
844,workout,1
845,ğŸ”¥â¤ï¸ğŸ”¥â¤ï¸ğŸ”¥â¤ï¸ğŸ’ªğŸ»ğŸ’ªğŸ»ğŸ’ªğŸ»ğŸ’ªğŸ»ğŸ’ªğŸ»ğŸ’ªğŸ»ğŸ’ªğŸ»ğŸ’ªğŸ»ğŸ’ªğŸ»ğŸ’ªğŸ»ğŸ’ªğŸ»2wReplysneaker_game58LMAO1wReplytoogoodtobetruesweetsğŸ˜‚ğŸ˜‚1wReplystellakrelsteinHahah,1
846,live,2
847,same,3
848,building,1
849,as,7
850,me1wReplyiam_nakai_ğŸ¤£ğŸ¤£6dReplyremymilahğŸ™ŒğŸ»5dReplysaule666uğŸ˜˜ğŸ˜5dReplyApril,1
851,22Post,1
852,"foodinsiderVerifiedâ€¢Follow3,129",1
853,likesfoodinsiderVerifiedTest,1
854,bartending,2
855,skills,1
856,by,9
857,mixing,3
858,these,10
859,cocktail,1
860,home,3
861,happy,4
862,hour.,1
863,11,2
864,easy,3
865,drink,2
866,bio.#bartending,1
867,#drinks,1
868,#cocktail,1
869,#happyhour,1
870,(Credit:,1
871,Grand,2
872,"Marnier,",1
873,Camarena,1
874,"Tequila,",1
875,Max,1
876,"Nussbaum,",1
877,Heaven's,1
878,Door/,1
879,Insider)1ddavidthefoodieVerifiedYum!,1
880,Cheers!,1
881,ğŸ¥ƒ1d7,1
882,likesReplyalicaliserğŸŒ™â €â €â €â €â €â €â €.,1
883,â €â €â €âœ¦,3
884,â €,26
885,â €â €â €â €â €*,3
886,â €â €â €.,3
887,Â°,23
888,.,52
889,â €â €â €ğŸŒ â €â €â €Â°â €â €â €â €â €â €âœ¦â €â €â €,1
890,â €â €â €â €â­â €â €â €â €â €â €â €â €â €â €â €â €â €â €â €â €â €â €â €â €â €â €â €â €â €â €â €â €â €â €â €â €â €,1
891,â €â €â €â €â €â €â €â €â €ğŸŒ›â €â €â €â €â €Â°â €â €â €â €ğŸ›¸â €â €â €â €Â°â €â €â €â €â˜„ï¸,1
892,â €â €â €â €â €â €Â°ğŸŒ™,1
893,ï¾Ÿ,6
894,âœ¦,3
895,",",13
896,â €âœ¦â €â €â €â €â €â €â €â €â €â €â €â €â €Â°â €â €â €â €â €â˜€ï¸.,1
897,ğŸ›¸.,1
898,ğŸ›¸,3
899,*,14
900,âœ¦â €,5
901,*.,1
902,Â°.,12
903,â €âœ¦â €â €,1
904,â­â €â €â €â €â €â €â €â €.,1
905,ğŸ›¸â €â €â €â €.,1
906,â €.,5
907,Ëš,8
908,â €âœ¦â €,6
909,.ğŸš€,1
910,*â €,3
911,ğŸŒ›,1
912,â˜„ï¸,1
913,ğŸŒ ,1
914,ğŸˆ,2
915,â €âœ¦â €.,1
916,â €ğŸŒ•.,1
917,ğŸš€,6
918,.â €,3
919,"ğŸŒâ €â€â €â€â €â€â €â€Â°â €â€â €â€ğŸˆâ €â€â €â€â €â€â €â€â €,",1
920,â €Â°,1
921,â €âœ¦.,1
922,ğŸ›¸1d1,1
923,likeReplysuper.appetiteIf,1
924,"food,",1
925,account!,1
926,â¤ï¸1dReplyhistoriasculinariasUff!1dReplylars_emil.leI,1
927,everybody,1
928,follows,1
929,me1dReplytaghadosifoodYummmğŸ˜1dReplydaredevoursğŸ¥‚,1
930,cheersğŸ”¥21hReplyrakfoodserviceI'll,1
931,3!,1
932,Cheers,1
933,us,2
934,:)1dReplydxfenestratixnTest,1
935,skillz.,1
936,looking,2
937,forward,1
938,ğŸ¤—,1
939,@curiosanti19h1,1
940,(1)jencakes33@stpierre,1
941,tequila,1
942,lol1dReplyView,1
943,(1)rickvanderdrift@ingevantwout,1
944,kunnen,1
945,jullie,1
946,morgen,1
947,testen,1
948,ğŸ˜‚ğŸ˜1dReplyView,1
949,(1)pine_food@pine_food1dReply1,1
950,"foodinsiderVerifiedâ€¢Follow135,725",1
951,viewsfoodinsiderVerified$1,1
952,Tacos,1
953,Served,1
954,By,2
955,LA's,1
956,Avenue,1
957,26,2
958,Taco,1
959,Stand,1
960,Superlatives@ave26tacos',1
961,considered,1
962,Los,1
963,"Angeles,",1
964,possibly,1
965,entire,2
966,(Insider,1
967,said,2
968,2017).,1
969,serve,1
970,$1,1
971,tacos,3
972,off,5
973,long,3
974,grill,1
975,"street,",1
976,lining,1
977,night,2
978,tacos.,3
979,As,2
980,essential,1
981,eastside,1
982,"LA,",1
983,Ave,1
984,known,1
985,carne,1
986,"asada,",1
987,al,1
988,"pastor,",1
989,suadero,2
990,Insider's,1
991,@joeavella,1
992,visited,1
993,L.A.,1
994,Taco's,1
995,Javier,1
996,Cabral,1
997,learn,1
998,street-taco,1
999,"institution,",1
1000,they,7
1001,"popular,",1
1002,beloved,1
1003,Editor's,3
1004,Note:,2
1005,This,6
1006,shot,2
1007,February,3
1008,2020.,3
1009,#tacosğŸŒ®,1
1010,#tacotruck,1
1011,#food,4
1012,#LA,1
1013,#FoodInsider3dabdelrahman_gamal56The,1
1014,everything,2
1015,guy,6
1016,keeps,1
1017,talking,2
1018,too,5
1019,much3d19,1
1020,likesReplyfkn.srt.gioI,1
1021,donâ€™t,2
1022,guys,2
1023,post,2
1024,hidden,1
1025,gems,1
1026,ğŸ˜,1
1027,cool,1
1028,annoying,1
1029,ruin,1
1030,been,2
1031,while.,1
1032,cause,1
1033,huge,1
1034,herds,1
1035,people.ğŸ¤¦ğŸ»â€â™‚ï¸3d9,1
1036,(6)dancastelaoThose,1
1037,real,2
1038,"tacos,",2
1039,"""chingaderas""",1
1040,taco,2
1041,bell,1
1042,ğŸ¤¢,1
1043,enjoy,2
1044,look,4
1045,ğŸ‘Œ3d13,1
1046,likesReplylismomI,1
1047,damn,1
1048,where's,1
1049,ğŸ§¤3d7,1
1050,(2)elijahmarieIâ€™m,1
1051,glad,1
1052,theyâ€™re,2
1053,finally,1
1054,getting,1
1055,recognition,1
1056,deserve,1
1057,upset,1
1058,bc,2
1059,fave,1
1060,MORE,1
1061,packed,1
1062,ğŸ˜­3d6,1
1063,(1)burakbarDid,1
1064,steal,1
1065,DÃ¶ner?,1
1066,ğŸ˜‚3d2,1
1067,(3)wukilafleeWhy,1
1068,clueless,1
1069,video3d4,1
1070,(2)eat_teach_travel94This,1
1071,glasses,1
1072,ğŸ¤“,1
1073,knows,1
1074,his,7
1075,ğŸ‘ŒğŸ½and,1
1076,explains,1
1077,well!,1
1078,ğŸ’¯,1
1079,Props,1
1080,ğŸ‘ğŸ½3d4,1
1081,likesReplyvenepower3Never,1
1082,LA,1
1083,that,22
1084,shit,1
1085,Mexico.3d3,1
1086,(2)mateo_escamillaHere,1
1087,Mexico,1
1088,"city,",1
1089,"those,",1
1090,pastor,1
1091,sold,1
1092,22,1
1093,USD,2
1094,cents,1
1095,equal,1
1096,5,3
1097,Mexican,1
1098,pesos...3d3,1
1099,likesReplyshirlztwirlz@jordanalmeda,1
1100,!!!3d1,1
1101,(3)jill5ta@peachygummybear,1
1102,@vienvison,1
1103,ğŸ˜­ğŸ˜­ğŸ˜­ğŸ˜­3d2,1
1104,(2)3,1
1105,"foodinsiderVerifiedâ€¢Follow7,898",1
1106,likesfoodinsiderVerifiedHard,1
1107,boiling,2
1108,eggs,9
1109,"tricky,",1
1110,our,6
1111,reporters,1
1112,took,1
1113,task,1
1114,preparing,1
1115,24,1
1116,hard-boiled,1
1117,two,3
1118,dozen,1
1119,ways,1
1120,times,1
1121,methods,1
1122,could,3
1123,affect,1
1124,their,3
1125,"texture,",1
1126,"taste,",1
1127,peeling.,1
1128,Click,2
1129,bio,2
1130,full,2
1131,results.Story,1
1132,Rachel,2
1133,Askinasi.(Credit:,1
1134,Askinasi/Insider)#cooking,1
1135,#homecooking,1
1136,#food3dsienatanseyWho,1
1137,earth,1
1138,boils,1
1139,second,1
1140,pictures?3d81,1
1141,(6)zeffyelahnei,1
1142,didnâ€™t,2
1143,had,4
1144,trouble,1
1145,boiled,6
1146,ğŸ’€ğŸ’€3d53,1
1147,likesReplyukgirl3705I,1
1148,method,1
1149,chef,1
1150,shared:,1
1151,drop,1
1152,"water,",1
1153,8,1
1154,minutes,5
1155,exactly.,1
1156,Remove,1
1157,put,5
1158,ice,4
1159,water,10
1160,3,3
1161,stop,1
1162,"cooking,",1
1163,also,5
1164,causes,1
1165,egg,4
1166,retract,1
1167,shell.,1
1168,Tap,1
1169,pointed,1
1170,shell,1
1171,removes,1
1172,almost,1
1173,piece.3d18,1
1174,(1)scott.j.kasperThat's,1
1175,ğŸ˜‚3d7,1
1176,likesReplythe_rainy_oneThese,1
1177,fact,1
1178,cooked,2
1179,only,4
1180,five,1
1181,minutes...3d5,1
1182,likesReplyj9sworldI,1
1183,use,7
1184,first,3
1185,technique,1
1186,leave,2
1187,sit,1
1188,20,2
1189,min.,1
1190,"Also,",1
1191,needle,1
1192,puncture,1
1193,air-sac,1
1194,bottom,2
1195,before,3
1196,putting,2
1197,in.,1
1198,solves,1
1199,sulfur,1
1200,smell,1
1201,green,1
1202,rim,1
1203,problem.3d4,1
1204,likesReplygreen_beanesYâ€™all,1
1205,boil,1
1206,eggs??,1
1207,Nah,1
1208,way,7
1209,straight,1
1210,shellğŸ¤¤ğŸ¤¤,1
1211,works,1
1212,timeğŸ˜‡3d3,1
1213,likesReplyweimmom85I,1
1214,instant,1
1215,pot,2
1216,poached,1
1217,soft,1
1218,eggs.,1
1219,Shells,1
1220,peel,2
1221,time.,2
1222,never,1
1223,any,3
1224,method.3d1,1
1225,likeReplykrsrynSoft,1
1226,"eggs,",1
1227,last,2
1228,"kind,",1
1229,best!3dReplyjohnpaynelvJust,1
1230,sous,1
1231,vide,1
1232,ğŸ¤·ğŸ»â€â™‚ï¸3dReplyprincesskhernFor,1
1233,salads,1
1234,(reduces,1
1235,chunks,1
1236,"yolk),",1
1237,bring,1
1238,"boil,",1
1239,turn,1
1240,heat,1
1241,covered,2
1242,10-12,2
1243,minutes.2d1,1
1244,"likeReplyrhymeswithfinesseYeeeeah,",1
1245,those,3
1246,soft-boiled.3dReply3,1
1247,"foodinsiderVerifiedâ€¢Follow146,881",1
1248,viewsfoodinsiderVerifiedThe,2
1249,Halal,4
1250,Guys',2
1251,chicken,4
1252,gyro,1
1253,platter,1
1254,NYCâ€™s,1
1255,legendary,1
1256,street,2
1257,food@thehalalguys,1
1258,came,3
1259,streets,1
1260,New,7
1261,York,5
1262,City,3
1263,"1990,",1
1264,three,1
1265,founders,1
1266,opened,2
1267,hot-dog,1
1268,cart,1
1269,Midtown.,1
1270,realized,1
1271,demand,1
1272,Muslim,1
1273,cab,1
1274,drivers,1
1275,halal,4
1276,"meal,",1
1277,began,1
1278,serving,1
1279,American,1
1280,cart.,1
1281,Arabic,1
1282,term,1
1283,means,1
1284,â€˜lawfulâ€™,1
1285,often,1
1286,used,3
1287,Islam,1
1288,describe,1
1289,meat,1
1290,permissible,1
1291,based,1
1292,specific,1
1293,religious,1
1294,guidelines.,1
1295,But,1
1296,"York,",1
1297,affordable,1
1298,carts,2
1299,across,1
1300,city.Featuring,1
1301,@medhapedia,1
1302,episode,2
1303,filmed,3
1304,January,1
1305,currently,1
1306,open,2
1307,takeout,2
1308,while,3
1309,restaurant,3
1310,locations,1
1311,provide,1
1312,both,2
1313,delivery.#halal,1
1314,#nyc,2
1315,#nycfood,1
1316,#LegendaryEats,1
1317,#streetfood,1
1318,#FoodInsider4dtaggert_tafDamn,1
1319,hella,1
1320,sad,1
1321,she,1
1322,â€œGyroâ€,1
1323,â€œJi-roâ€4d52,1
1324,"(1)cake.n.caffeineâ€œwait,",1
1325,thereâ€™s,1
1326,barbecue??,1
1327,aww,1
1328,duuude...â€4d27,1
1329,(1)badgerpdxâ€œGYROâ€?????,1
1330,Isnâ€™t,1
1331,page.,1
1332,Come,1
1333,on!4d23,1
1334,(4)kiki_kikeeğŸ”¥,1
1335,guys...,1
1336,sauce,6
1337,spiritual.4d18,1
1338,likesReplyhiba0509Halal,1
1339,Guys,1
1340,here,3
1341,AZ,1
1342,sucks4d6,1
1343,(5)hellybeannYouâ€™re,1
1344,blog,1
1345,pronounce,1
1346,GYRO?!4d8,1
1347,likesReplyzulaikapopalOne,1
1348,foods,1
1349,"year,",1
1350,no,6
1351,joke,1
1352,ğŸ™ŒğŸ¼ğŸ™ŒğŸ¼â¤ï¸4d7,1
1353,likesReplyburberryliquorlast,1
1354,checked....,1
1355,wasnâ€™t,1
1356,lamb,1
1357,famous,4
1358,for4d2,1
1359,(3)24.husswhite,1
1360,tahini,1
1361,sauce4d5,1
1362,(1)sheepsheadbayguy993...no,1
1363,not4d4,1
1364,(1)tristenjbravoWhen,1
1365,having,3
1366,dishğŸ˜ğŸ˜4d4,1
1367,(1)biggscltI,1
1368,LOVE,1
1369,guys.,1
1370,Extra,1
1371,extra,3
1372,red4d3,1
1373,likesReply4,2
1374,"foodinsiderVerifiedâ€¢Follow3,066",1
1375,likesfoodinsiderVerifiedHow,1
1376,much,8
1377,sugar,7
1378,adding,1
1379,intake,1
1380,using,2
1381,condiments,1
1382,meals?,1
1383,20-ounce,1
1384,bottle,4
1385,Heinz,2
1386,tomato,2
1387,"ketchup,",1
1388,"example,",1
1389,contains,1
1390,two-thirds,1
1391,cup,8
1392,sugar.,1
1393,sauces,1
1394,dips,1
1395,stack,1
1396,against,1
1397,other.,1
1398,â£â£â£â£#sauce,1
1399,#condiment,1
1400,#ketchup,1
1401,#sugarâ£â£â£â£(Credit:,1
1402,Hollis,1
1403,Johnson/,1
1404,Insider)4dalicaliserâ €â €â €â €â €â €â €.,1
1405,â €â €â €â €â €â €â €â €â €â €â €â €âœ¦â €â €â €,2
1406,â €â €â €â €â €â €â €â €â €â €â €â €â €â €â €â €â €â €â €â €â €â €â €â €â €â €â €â €â €â €â €â €â €â €â €â €â €,2
1407,â €â €â €â €â €â €â €â €â €â €â €â €â €â €â €â €â €â €â €â €â €â €â €â €â €â €â˜„ï¸,2
1408,â €â €â €â €â €â €.,2
1409,.â €â €â €â €â €â €â €â €â €â €â €â €â €â €â €â €â €â˜€ï¸,2
1410,",â €â €â €â €â €â €â €â €â €â €â €â €.",2
1411,â €ğŸŒ•,2
1412,"ğŸŒâ €â€â €â€â €â€â €â€â €â€â €â€â €â€â €â€â €â€â €â€â €,",2
1413,â €âœ¦,2
1414,*.â €,2
1415,..4d11,1
1416,(3)the.cheesus.chrustI,1
1417,care,2
1418,whatâ€™s,1
1419,eat.,1
1420,dying,1
1421,anyway,1
1422,well,1
1423,flavor4d14,1
1424,likesReplybananaohanaThis,1
1425,sound,1
1426,oz,1
1427,ketchup,3
1428,sitting.,1
1429,LOL4d11,1
1430,likesReplyjeyc__Thats,1
1431,cocaine,1
1432,BBQ,1
1433,sauce...4d7,1
1434,likesReplylaura2021_spamOkay,1
1435,eaten,1
1436,fries,3
1437,ketchupğŸ¤¢,1
1438,DiSgUsTiNg4d1,1
1439,(2)henry220795If,1
1440,whole,4
1441,once,1
1442,issue3d2,1
1443,likesReplyaevumaureusI,1
1444,care!,1
1445,ğŸŸ4d1,1
1446,likeReplychibi_tatoHow,1
1447,using???4d1,1
1448,likeReplythehuntsman_14Can,1
1449,fats,1
1450,Starbucks,1
1451,drinks?,1
1452,If,1
1453,youâ€™ve,1
1454,already,2
1455,done,1
1456,sorry,2
1457,ğŸ˜‚4d1,1
1458,likeReplyhozama_Woah,1
1459,ğŸ§ğŸ§,1
1460,can't,1
1461,ğŸ˜‹4d1,1
1462,likeReplywg222cDamn4dReplymhdshad_but,1
1463,thats,1
1464,tho,1
1465,aint,1
1466,eating,2
1467,exaggerating4dReply4,1
1468,"foodinsiderVerifiedâ€¢Follow118,454",1
1469,viewsfoodinsiderVerifiedHerrine,1
1470,York's,1
1471,pizza,7
1472,Lucali,2
1473,Chef,5
1474,Mark,2
1475,Iacono@lucali_bk,1
1476,popular,1
1477,City.,1
1478,owner,1
1479,Iacono,1
1480,teaches,1
1481,Insiderâ€™s,1
1482,@rinnny_,3
1483,make,5
1484,home-cooked,1
1485,version,1
1486,margherita,1
1487,pie.,1
1488,ingredients,4
1489,include,1
1490,pantry,1
1491,staples,1
1492,common,1
1493,grocery-store,1
1494,cheeses.,1
1495,DOUGH:33.6,1
1496,ounces,2
1497,water3,1
1498,1/2,1
1499,pounds,1
1500,flour0.3,1
1501,yeast2,1
1502,Tablespoons,2
1503,virgin,1
1504,olive,4
1505,oil2,1
1506,saltPut,1
1507,room,1
1508,temperature,1
1509,large,1
1510,bowl.Remove,1
1511,dissolve,1
1512,salt,2
1513,it.Add,1
1514,yeast,1
1515,bowl,1
1516,dissolve.,1
1517,Then,1
1518,add,6
1519,oil,6
1520,stir.Add,1
1521,25%,1
1522,flour,5
1523,mix,2
1524,until,2
1525,smooth.Add,1
1526,approximately,2
1527,15,1
1528,"seconds,",1
1529,remaining,1
1530,flour.,2
1531,Mix/knead,1
1532,minutes.When,1
1533,finished,1
1534,"kneading,",1
1535,cover,3
1536,dough,3
1537,saran,2
1538,wrap,2
1539,let,3
1540,45,1
1541,minutes.Cut,1
1542,into,3
1543,"eight,",1
1544,10-ounce,1
1545,balls.Baste,1
1546,"EVOO,",1
1547,rise,1
1548,refrigerator,1
1549,six,1
1550,hours,3
1551,overnight.TOMATO,1
1552,SAUCE:Yellow,1
1553,"onion,",1
1554,finely,1
1555,"choppedGarlic,",1
1556,mincedDry,1
1557,oreganoCanned,1
1558,Salt,1
1559,Pepper,1
1560,Sugar,1
1561,BasilCHEESE:Low,1
1562,moisture,1
1563,mozzarellaBufala,1
1564,mozzarella,2
1565,(or,1
1566,mozzarella)Grated,1
1567,parmesan,1
1568,cheese#pizza,1
1569,#pizzaBK,1
1570,#FoodInsider,1
1571,#nyc5drinnny_Verifiedstill,1
1572,surprised,1
1573,out!5d23,1
1574,(2)davidthefoodieVerifiedğŸ‘ğŸ¼ğŸ˜ğŸ‘ğŸ¼,1
1575,Gimme,1
1576,gimme5d7,1
1577,likesReplymarco_miglione._i'm,2
1578,Napoli,1
1579,it's,3
1580,absurde,1
1581,"""pizza""",1
1582,ever,2
1583,seen,1
1584,pizza?,1
1585,it???5d13,1
1586,flabbergasted,1
1587,"shit,",1
1588,"tiny,",1
1589,fake,1
1590,"mozzarella,",1
1591,leavened,1
1592,spices5d8,1
1593,(3)fuggedaboutitIn,1
1594,Italy,1
1595,dogs,2
1596,it.5d5,1
1597,likesReplymarco_miglione._having,1
1598,italian,1
1599,granddad,1
1600,pizza5d2,1
1601,"likesReplybcxnyHonestly,",1
1602,should,1
1603,ashamed,1
1604,yourself,1
1605,posting,1
1606,this5d2,1
1607,likesReplybig_tasty_69_69lucali,1
1608,overrated4d1,1
1609,likeReplyprathamdhamijawas,1
1610,kitchen,3
1611,?5d1,1
1612,likeReplynyfoodbaeğŸ˜ğŸ˜ğŸ˜ğŸ˜5dReplyjoel_krygsmanIt,1
1613,crunchy,1
1614,asf5dReply_rgpUnwatchable,1
1615,quality5dReply5,1
1616,"foodinsiderVerifiedâ€¢Follow233,261",1
1617,Chicago-style,2
1618,dog,6
1619,Chicago,5
1620,Best,2
1621,In,9
1622,TownInsiderâ€™s,1
1623,friend,1
1624,@spriinkles,1
1625,visit,3
1626,city.,1
1627,Superdawg,2
1628,"Drive-In,",1
1629,Gene,1
1630,"Jude's,",1
1631,Portillo's,1
1632,town.Editorâ€™s,1
1633,note:,2
1634,All,3
1635,remain,1
1636,closed,1
1637,dine-in,1
1638,"service,",1
1639,open.Featuring,1
1640,"@superdawgdrivein,",1
1641,"@geneandjudeschicago,and",1
1642,@portilloshotdogs.#hotdogsğŸŒ­#hotdog,1
1643,#Chicago,1
1644,#Chicagodogs,1
1645,#FoodInsider6drinnny_VerifiedLoved,1
1646,em!6d23,1
1647,(3)sc_nativeThat,1
1648,drum,1
1649,beat,4
1650,sounded,1
1651,kinda,1
1652,familiar6d59,1
1653,(2)daniel_huanggggfreeze,1
1654,hotdog,2
1655,cubes,2
1656,customers,1
1657,dont,1
1658,like6d49,1
1659,(2)_magolor_Something,1
1660,learned,1
1661,pornhub,1
1662,intro,1
1663,song.,1
1664,Thatâ€™s,2
1665,honestly,1
1666,got,5
1667,chair,1
1668,video6d43,1
1669,(1)mr.first.takeNot,1
1670,glizzyğŸ¤£6d26,1
1671,likesReplysuperdawgdriveinFrom,1
1672,pure,1
1673,beef,1
1674,"â¤ï¸,",1
1675,stopping!!,1
1676,ğŸ¤©ğŸŒ­6d16,1
1677,likesReplysebas.parraIf,1
1678,pay,1
1679,$6.40,1
1680,wonâ€™t,1
1681,beefin.,1
1682,Literally6d14,1
1683,likesReplykliban_catThese,1
1684,girlsâ€™,1
1685,high,1
1686,AF6d9,1
1687,(1)nyc_eazyOh,1
1688,nahhhh,1
1689,Glizzy,1
1690,ğŸ˜­ğŸ˜­6d10,1
1691,likesReplymark_julie_muchwayaI,1
1692,gene,1
1693,judesis,1
1694,typical,2
1695,dog.,2
1696,specialty,1
1697,alot,1
1698,options,1
1699,portillos,1
1700,original,1
1701,amd,1
1702,somid,1
1703,coney,1
1704,style,3
1705,old,1
1706,fashioned,1
1707,mustard,1
1708,maxwell,1
1709,onions,1
1710,favorite.,1
1711,places,1
1712,solid,1
1713,hit,1
1714,âœ…,1
1715,ğŸ‘Œ6d6,1
1716,likesReplyblaizetinggWho,1
1717,glizzy6d5,1
1718,likesReplyjeffalan65Jene,1
1719,judes,1
1720,double,1
1721,me.6d3,1
1722,likesReply6,1
1723,"foodinsiderVerifiedâ€¢Follow217,700",1
1724,viewsfoodinsiderVerifiedHow,1
1725,French,1
1726,baguettes,3
1727,made,1
1728,Paris,2
1729,|,1
1730,Regional,1
1731,EatsIn,1
1732,"episode,",1
1733,baker,1
1734,Mahmoud,3
1735,Mâ€™seddi,1
1736,welcomes,1
1737,bakery,2
1738,@maisonmseddi,1
1739,Parisâ€™,1
1740,14th,1
1741,district,1
1742,where,1
1743,award-winning,1
1744,life.,1
1745,Making,1
1746,baguette,2
1747,complex,1
1748,time-consuming,1
1749,process,1
1750,requires,1
1751,"dedication,",1
1752,"skill,",1
1753,"expertise,",1
1754,"all,",1
1755,patience.,1
1756,"2018,",1
1757,awarded,1
1758,Prix,1
1759,de,2
1760,la,1
1761,Baguette,1
1762,city,2
1763,Paris.,1
1764,footage,1
1765,"12,",1
1766,2020.#Paris,1
1767,#baguette,1
1768,#bread,1
1769,#Frenchfood,1
1770,#FoodInsider1waliciavehThe,1
1771,he,5
1772,talks,1
1773,passionate,3
1774,worth,1
1775,them!1w95,1
1776,(2)ryan.aouinetThe,1
1777,bagutte,1
1778,maker,1
1779,paris,1
1780,tunisian,1
1781,ğŸ˜‚1w55,1
1782,likesReplydanamaeandresSomeday,1
1783,Baguettes,1
1784,shop,2
1785,ğŸ™ğŸ»,1
1786,ğŸ¥ºâ˜ºï¸1w30,1
1787,(1)jemy_josephHe,1
1788,thing..,1
1789,that's,1
1790,guarantee,1
1791,amazingâ£ï¸1w22,1
1792,(3)tequila_mockingbyrddI,1
1793,sat,1
1794,16,2
1795,baking,4
1796,bread.,1
1797,Oddly,1
1798,"enough,",1
1799,very,6
1800,interesting.,1
1801,Now,1
1802,baguette.1w17,1
1803,(4)madd.ie___Slap,1
1804,Brie,1
1805,fire,1
1806,ğŸ˜1w22,1
1807,(2)materialarchiveWhere,1
1808,opening,2
1809,Canada?,1
1810,line,1
1811,now...,1
1812,â¤ï¸,1
1813,ğŸ‡¨ğŸ‡¦,1
1814,ğŸ¥–1w14,1
1815,(3)cznalisherWow,1
1816,minute,1
1817,-,8
1818,bread1w9,1
1819,(1)fersandoval30J'ai,1
1820,vraiment,1
1821,aimÃ©!!!,1
1822,On,1
1823,voit,1
1824,tout,1
1825,suite,1
1826,que,1
1827,c'est,2
1828,une,1
1829,passion,1
1830,pour,4
1831,M.,1
1832,d'Ãªtre,1
1833,boulanger,1
1834,et,1
1835,quelque,1
1836,chose,1
1837,qui,1
1838,est,1
1839,trÃ¨s,1
1840,importante,1
1841,rÃ©ussir.,1
1842,Bravo!1w8,1
1843,(1)tasmiadarrBread,1
1844,porn1w8,1
1845,"likesReplyraigo_aasmaaWow,",1
1846,vids,2
1847,:D.,1
1848,"Damn,",1
1849,"now,",1
1850,hungry.,1
1851,Never,1
1852,sleep,1
1853,ğŸ˜…ğŸ˜‚1w4,1
1854,(2)globalfoodeeFantastic,1
1855,ğŸ˜‹1w3,1
1856,26Post,2
1857,"foodinsiderVerifiedâ€¢Follow218,053",1
1858,viewsfoodinsiderVerifiedWhy,1
1859,Is,3
1860,Most,1
1861,Legendary,1
1862,Pizza,4
1863,Restaurant,1
1864,BrooklynMark,1
1865,Iaconoâ€™s,1
1866,"restaurant,",1
1867,"@lucali_bk,",1
1868,arguably,1
1869,Brooklyn.,1
1870,"reservations,",1
1871,lines,1
1872,form,1
1873,door,1
1874,INSIDERâ€™s,1
1875,visits,1
1876,attempts,1
1877,Markâ€™s,1
1878,unique,1
1879,pizza.#pizza,1
1880,#Brooklyn,1
1881,#nycfoodies,1
1882,#FoodInsider1wrinnny_VerifiedHe,1
1883,teacher!,1
1884,And,5
1885,result,1
1886,shocking,1
1887,ğŸ˜±1w125,1
1888,(4)alvarogueThis,1
1889,humble1w145,1
1890,(1)goodmanssoulfoodWas,1
1891,flirting,1
1892,her,2
1893,nah,1
1894,ğŸ˜‚1w121,1
1895,(4)mi_luhlulHe,1
1896,definitely,4
1897,smashed,1
1898,night.1w78,1
1899,likesReplyscrescentiaThey,1
1900,chemistry,2
1901,tho...,1
1902,â¤ï¸1w70,1
1903,likesReplyfukkupmIâ€™m,1
1904,crushing,1
1905,guy1w63,1
1906,(1)ryan.aouinetAll,1
1907,success,1
1908,humble,1
1909,ğŸ˜ğŸ˜1w47,1
1910,likesReplyvanusagarâ€œIâ€™ll,1
1911,whatever,1
1912,doâ€,1
1913,girl,1
1914,same1w44,1
1915,likesReplyxaimecastelltortIs,1
1916,"me,",1
1917,anybody,2
1918,felt,1
1919,awkward,1
1920,watching,2
1921,flirted,1
1922,ğŸ¤£ğŸ¤£ğŸ¤£,1
1923,â€œyou,1
1924,Korean?â€,1
1925,ğŸ˜‚ğŸ˜‚1w41,1
1926,likesReplydejonea.xoYall,1
1927,lol1w26,1
1928,likesReplyyour_victim1I,1
1929,"guy,",1
1930,humble.1w23,1
1931,likesReplyfukkupmThat,1
1932,nice,1
1933,â™¥ï¸1w12,1
1934,"foodinsiderVerifiedâ€¢Follow315,747",1
1935,viewsfoodinsiderVerified11,1
1936,gadgets,2
1937,cut,3
1938,food-prep,2
1939,halfWe,1
1940,looked,1
1941,"half,",1
1942,including,1
1943,tools,3
1944,"you,",1
1945,spiralize,1
1946,"vegetables,",1
1947,round,1
1948,produce,1
1949,once.,1
1950,prepping,1
1951,quicker,1
1952,less,2
1953,"tedious,",1
1954,especially,1
1955,you're,1
1956,making,1
1957,once.#gadgets,1
1958,#foodprep,1
1959,#tools,1
1960,#FoodInsider1wgraytathemGuys,1
1961,buy,1
1962,knife...1w131,1
1963,likesReplyrw14_20Or,1
1964,normal1w91,1
1965,likesReplybaby_xoxochamaThey,1
1966,invented,1
1967,1,2
1968,tool,1
1969,replace,1
1970,these....its,1
1971,called,1
1972,knife.,2
1973,Just,3
1974,knife1w82,1
1975,(3)iblameprithDid,1
1976,cringe,1
1977,banana,1
1978,slicer?,1
1979,ğŸ˜©1w51,1
1980,likesReplychincubusThese,1
1981,dumb,1
1982,useless.,1
1983,fast,1
1984,forwarded,1
1985,tell,1
1986,struggling,1
1987,devices.1w41,1
1988,(1)_hilario_jrThere,1
1989,corn,1
1990,Cobb1w28,1
1991,likesReplypaulabg_officialWho,1
1992,cuts,1
1993,blueberries?ğŸ¤·ğŸ¼â€â™€ï¸ğŸ¥´1w19,1
1994,(4)sea.sickarinaYâ€™all,1
1995,help,3
1996,cutting,1
1997,bananas?1w20,1
1998,(1)dgenandtGod,1
1999,Alton,1
2000,brown,1
2001,doesnâ€™t,1
2002,this.1w18,1
2003,likesReplycevangelisGet,1
2004,chefâ€™s,1
2005,Victorinox,1
2006,non,1
2007,professionals,1
2008,culinary,1
2009,students.,1
2010,Get,2
2011,steel,1
2012,sharpening,1
2013,stone,1
2014,sharp,1
2015,knives,1
2016,reduce,1
2017,work,2
2018,safer,1
2019,than,4
2020,dull,1
2021,knives...Thatâ€™s,1
2022,it.,2
2023,need...Use,1
2024,fingers,2
2025,pick,1
2026,herbs.,1
2027,For,2
2028,"kale,",1
2029,between,1
2030,pull,1
2031,stem...Thatâ€™s,1
2032,buying,1
2033,one-use,1
2034,youâ€™ll,1
2035,garbage.1w11,1
2036,"likesReplyga.penting.jugaTbh,",1
2037,efficient,1
2038,person.,1
2039,chopping,1
2040,fruits,1
2041,veggies,2
2042,manually..1w11,1
2043,likesReplynycterpMicrowave,1
2044,ğŸ¤¢1w10,1
2045,24Post,3
2046,"dilsefoodieVerifiedâ€¢Follow119,638",1
2047,viewsdilsefoodieVerifiedMeet,1
2048,Mrs,1
2049,Dalbir,1
2050,KaurShe,1
2051,run,2
2052,dhaba,1
2053,Passion,2
2054,ğŸ˜.,1
2055,There,1
2056,age,1
2057,limit,1
2058,passion.#dilsefoodie1dchefrishivermaPaaji,1
2059,hats,2
2060,u...,1
2061,aapke,1
2062,touch,1
2063,kar,2
2064,jaate,1
2065,hai1d8,1
2066,likesReplyhopefulhuesWhat's,1
2067,age1d3,1
2068,(3)randhawadilbagauntie,1
2069,ram,1
2070,rahim,1
2071,k,4
2072,bhagt,1
2073,hain,2
2074,ğŸ˜‚,1
2075,locket,1
2076,dekho1d1,1
2077,(3)khandgurrMaza,1
2078,aagyağŸ˜â¤ï¸ji1d4,1
2079,likesReplymanasi_shahapurkarSuper,1
2080,woman,1
2081,series,1
2082,rock1d4,1
2083,likesReplymikki_7902Best,1
2084,Line--,1
2085,"""Ekdum",1
2086,Kam,1
2087,Oil,2
2088,dala,1
2089,h,5
2090,Parathe,1
2091,"m""ğŸ˜‚ğŸ˜‚ğŸ˜‚ğŸ˜‚ğŸ˜‚1d1",1
2092,(1)the_foodeatsThis,1
2093,â¤ï¸ğŸ˜1d2,1
2094,likesReplyfoood.travel.lifeğŸ˜ğŸ˜1d2,1
2095,likesReplyfoodexploringsiteNice,1
2096,ğŸ‘Œ1d2,1
2097,likesReplyrubalmanhasğŸ’˜ğŸ’˜ğŸ’˜â¤ï¸â¤ï¸â¤ï¸â¤ï¸â¤ï¸â¤ï¸â¤ï¸â¤ï¸â¤ï¸â¤ï¸1d2,1
2098,likesReplytheflavourbitesAww,1
2099,beautiful,2
2100,woman!1d2,1
2101,likesReplyspoon_tasteSach,1
2102,dil,2
2103,se,5
2104,kam,1
2105,krte,1
2106,ho,4
2107,bro,3
2108,.ğŸ˜ğŸ”¥1d2,1
2109,likesReply1,1
2110,"dilsefoodieVerifiedâ€¢Follow94,772",1
2111,viewsdilsefoodieVerifiedBest,2
2112,Place,2
2113,To,7
2114,Eat,1
2115,Nonveg,1
2116,Food,2
2117,Jama,1
2118,MasjidAll,1
2119,Time,1
2120,Favourite,1
2121,Al,1
2122,Jawahar,1
2123,#dilsefoodie2dachal_manchandaâ €â €.,1
2124,.mastğŸ¤©ğŸ‘ŒğŸ»2d5,1
2125,likesReplyhello.viewers.niluTum,1
2126,pyaaz,1
2127,hi,4
2128,paise,1
2129,dete,1
2130,ho....,1
2131,Usme,1
2132,mutton,2
2133,kum,1
2134,hota,5
2135,he2d3,1
2136,likesReplyamitjha2487Inka,1
2137,changezi,2
2138,mast,1
2139,hai..,1
2140,Karol,1
2141,Bagh,1
2142,wala,1
2143,terms,1
2144,ans,1
2145,texture2d1,1
2146,(1)sassyfoodcrushğŸ˜ğŸ‘ŒğŸ»2d2,1
2147,likesReplyrihaan_ansari123Awesome,1
2148,sir,6
2149,Maza,1
2150,agaya,1
2151,aaj,1
2152,ğŸ˜‹2d2,1
2153,likesReplyjatin9598Al,1
2154,jawahar,1
2155,ka,3
2156,shi,1
2157,toh,5
2158,hai,7
2159,bohot,1
2160,zayada,1
2161,lite,1
2162,masalo,1
2163,isse,1
2164,acha,1
2165,hai2dReplyView,1
2166,(1)kavishprajapatğŸ¤¤ğŸ¤¤,1
2167,sab,3
2168,aap,2
2169,kha,2
2170,jaoge,1
2171,hum,1
2172,kya,4
2173,khaynge,1
2174,ğŸ˜‚ğŸ˜‚ğŸ˜‚ğŸ˜‚ğŸ˜ğŸ˜ğŸ˜ğŸ¤¤ğŸ¤¤ğŸŠğŸ‘ğŸ”¥ğŸ”¥ğŸ”¥2d1,1
2175,likeReplysassyfoodcrushğŸ˜œğŸ‘ŒğŸ»ğŸ˜2d1,1
2176,likeReplydelhistreets06Waahh,1
2177,â¤ï¸2d1,1
2178,likeReplythe_foodeatsMera,1
2179,ğŸ˜ğŸ¤­2d1,1
2180,likeReply4482maxsmileâ¤ï¸ğŸ˜ğŸ‘ŒağŸ‡®ğŸ‡³ğŸ™2d1,1
2181,likeReplykashmirfoodgramAlways,1
2182,unique2d1,1
2183,likeReply2,1
2184,"dilsefoodieVerifiedâ€¢Follow152,146",1
2185,viewsdilsefoodieVerifiedThis,1
2186,Man,1
2187,Giving,1
2188,100000Rs,1
2189,Prize0,1
2190,Wale,1
2191,Amritsari,1
2192,Bheega,1
2193,Kulcha,1
2194,#dilsefoodie4daashoo_i_amToo,1
2195,overhyped,1
2196,overpriced,1
2197,according,1
2198,simplicity,1
2199,taste.,1
2200,Hamare,1
2201,Ambala,1
2202,Cantt,1
2203,aur,1
2204,boht,1
2205,kiosks,1
2206,mil,1
2207,jaenge,1
2208,bina,1
2209,ghee,1
2210,ese,1
2211,Chhole,1
2212,Geela,1
2213,kulcha,1
2214,bechne,1
2215,wale3d16,1
2216,(11)kolkatafoodieThey,1
2217,yummy!,1
2218,Definitely,1
2219,"here,",1
2220,Delhi!,1
2221,ğŸ˜3d9,1
2222,(1)huma2136Assalm,1
2223,oalikum,1
2224,m,4
2225,regular,1
2226,viewers,1
2227,u.many,1
2228,msg,1
2229,Pakistan,3
2230,expert,1
2231,ve,1
2232,youtube,1
2233,dishes,2
2234,words,1
2235,karachi,2
2236,biryani,2
2237,sadia,1
2238,remember,1
2239,show,1
2240,kindly3d7,1
2241,(1)royalish6Realy,1
2242,fr,1
2243,taste...sch,1
2244,mae,2
2245,visitd,1
2246,mny,1
2247,tyms3d4,1
2248,likesReplyelite_charanPaaji,1
2249,kyon,1
2250,bhukh,1
2251,lva,1
2252,rhe,1
2253,o3d3,1
2254,likesReplysinghsaurabh2298Karan,1
2255,bnaras,1
2256,ao,1
2257,kbhiğŸ™4d3,1
2258,likesReplysharmavishuOvercharged!,1
2259,cost,1
2260,Amritsar,1
2261,10â‚¹3d3,1
2262,likesReplystreet_food_chandigarhKulche,1
2263,mei,1
2264,hoga3d2,1
2265,likesReplythinni_chennagiiriğŸ˜ğŸ˜ğŸ˜3d2,1
2266,likesReplymilan.junejaLike,1
2267,ittt3d2,1
2268,likesReplyap_food_cartWow,2
2269,ğŸ˜ğŸ˜ğŸ˜3d2,1
2270,likesReplyan_nuttysoulWowğŸ˜‹3d2,1
2271,"dilsefoodieVerifiedâ€¢Follow117,282",1
2272,viewsdilsefoodieVerifiedSeekh,1
2273,Kebab,1
2274,BiryaniVery,1
2275,Easy,3
2276,Make,3
2277,ğŸ˜¬Try,1
2278,Recipe,1
2279,Tag,1
2280,Me,1
2281,Stories,1
2282,#dilsefoodie5diamhabilThat's,1
2283,Biryani...,1
2284,That's,1
2285,Gravy,1
2286,Rice,1
2287,together,2
2288,Dum...,1
2289,Biryani,1
2290,Whole,1
2291,"spices,",1
2292,"Masala,",1
2293,Layered,1
2294,rice,2
2295,Garnished,1
2296,"Ghee,",1
2297,Saffron,1
2298,coriander,1
2299,leaves,1
2300,Fried,1
2301,onions.5d9,1
2302,(8)vandana4013Yeh,1
2303,mud,1
2304,sir???5d8,1
2305,(1)nehach640Yeh,1
2306,thi?5d4,1
2307,(3)theparthchaudharyAtleast,1
2308,basmati,1
2309,leteğŸ™ğŸ¿ğŸ™ğŸ¾5d5,1
2310,(3)curvecurlssssSir,1
2311,seekh,1
2312,lete,1
2313,ho?5d3,1
2314,(3)mandy_das02Made,1
2315,Paneer,2
2316,Lababdar,3
2317,â€¦it,1
2318,fantastic!,1
2319,Will,1
2320,too.5d2,1
2321,likesReplykolkatadelitesHoly,1
2322,moly,1
2323,ğŸ¤¤ğŸ˜‹5d2,1
2324,likesReplyyummylicious_core0021Yummylicious5d2,1
2325,ğŸ˜5d2,1
2326,likesReplythe_foodeatsWow,1
2327,ğŸ˜ğŸ¤­5d2,1
2328,likesReplystreet_tummiesğŸ˜ğŸ˜ğŸ˜ğŸ˜ek,1
2329,number,1
2330,sir5d2,1
2331,likesReplythe_bhukkad_siblings_AmazingğŸ‘5d2,1
2332,"dilsefoodieVerifiedâ€¢Follow88,458",1
2333,One,1
2334,Ramesh,2
2335,Nagar,2
2336,Tandoori,1
2337,MomosAccording,1
2338,tandoori,2
2339,momos,5
2340,life,1
2341,veg,1
2342,ğŸ’•.,1
2343,Location,1
2344,Shah,1
2345,Ji,1
2346,Di,1
2347,"Hatti,",1
2348,Nagar#dilsefoodie6dworld_wide_food_bloggerğŸ˜ğŸ˜damn,1
2349,tempting,1
2350,ğŸ¤¤ğŸ¤¤6d3,1
2351,likesReplyanshul_1803YummmyyyğŸ˜‹ğŸ˜‹ğŸ˜‹6d1,1
2352,likeReplybasry.rabiyaKonse,1
2353,ramesh,1
2354,nagpr6d1,1
2355,(1)munchymumbaikarCravinggggg,1
2356,ğŸ¤¤ğŸ¤¤ğŸ˜â™¥ï¸6d1,1
2357,likeReplyvikasdeep1616TasteğŸ˜‹ğŸ˜‹6d2,1
2358,likesReplythecaadesignerYes,1
2359,stay,1
2360,ğŸ˜,1
2361,veggi,1
2362,paneer,1
2363,ğŸ˜6d1,4
2364,likeReplyfoodwalkwithakeeeeshaYes,1
2365,thatâ€™s,1
2366,true,1
2367,ğŸ˜6dReplynikunjagarwal__Yarrr,1
2368,Kya,2
2369,dekhliya,1
2370,ğŸ˜­ğŸ¤¤ğŸ¤¤ğŸ¤¤6dReplyravenousbybirthSeriously,1
2371,someone,2
2372,ğŸ¤¤6dReplyfoodwalkwithakeeeeshaI,1
2373,near,1
2374,"though,",1
2375,ğŸ˜‚6dReplyallwyn_13Bhai,1
2376,yaar,1
2377,tum,1
2378,ye,2
2379,lockdown,3
2380,ke,2
2381,mat,1
2382,bataoo,1
2383,plzzğŸ˜…ğŸ˜…ğŸ”¥ğŸ’•6dReplyfoodvoyagerbadhanTandoori,1
2384,ğŸ˜‹ğŸ˜‹6dReply6,1
2385,dilsefoodieVerifiedâ€¢FollowDilsefoodie,1
2386,"HQ38,583",1
2387,viewsdilsefoodieVerifiedI,1
2388,excited,1
2389,announce,1
2390,nominated,1
2391,SocialMax,1
2392,Awards,1
2393,2020,1
2394,@nowmax_info,1
2395,Support,1
2396,likes,1
2397,wishes.#dilsefoodie,1
2398,#SocialMaxAwards2020,1
2399,#NowMax,1
2400,#worldsocialmediaday,1
2401,#firstonlinesocialmediaawards,1
2402,#stayhome,1
2403,#staysafe1w__imtushar__ğŸ’•ğŸ’•ğŸ’•ğŸ’•ğŸ’•1w3,1
2404,likesReply_badboy_0018oor,1
2405,paaji,1
2406,wadiya!!!!1w2,1
2407,likesReplytarikajunejaWoww...,1
2408,such,2
2409,news,1
2410,luck,1
2411,â¤ï¸â¤ï¸1w1,1
2412,likeReply__imtushar__Trophy,1
2413,ghr,1
2414,ğŸ¤©ğŸ¤©1w1,1
2415,likeReplynazzzzukğŸ‘ğŸ»ğŸ‘ğŸ»ğŸ‘ğŸ»â¤ï¸â¤ï¸â¤ï¸1w1,1
2416,likeReplyjyotigupta9294Congratulations,1
2417,foodie.,1
2418,wsh,1
2419,winner1w1,1
2420,likeReplytathagatdiwanYour,1
2421,goodğŸ‘ŒğŸ‘ŒğŸ‘Œ1w1,1
2422,likeReply__imtushar__ğŸ’•ğŸ’•ğŸ’•1w1,1
2423,likeReplynazzzzukcongratulations,1
2424,â¤ï¸â¤ï¸â¤ï¸1w1,1
2425,likeReplykrinnadivakarCongratulationsğŸ‘ğŸ‘ğŸ‘ğŸ‘1w1,1
2426,likeReplybhavjeeeetAll,1
2427,best!1wReplysuman.smile210ğŸ™ğŸ™â¤ï¸â¤ï¸1wReplyJune,1
2428,"dilsefoodieVerifiedâ€¢Follow121,945",1
2429,viewsdilsefoodieVerifiedSanjay,1
2430,Ke,1
2431,Special,1
2432,Chole,4
2433,Kulche,2
2434,Model,2
2435,Town,2
2436,3Amazing,1
2437,Spicy,1
2438,Tawa,1
2439,Fry,1
2440,Kulche#dilsefoodie1wpavneetsachdevaBaraf,1
2441,gir,1
2442,rahi,1
2443,manali,1
2444,meiğŸ˜‚ğŸ˜‚ğŸ˜‚ğŸ˜‚,1
2445,wow1w9,1
2446,(1)bharatkakhaanaDear,1
2447,"Friends,",1
2448,started,3
2449,trained,1
2450,learning,1
2451,Kindly,1
2452,ğŸ™1w4,1
2453,likesReplysolanki.tarun007Chole,1
2454,nhi,1
2455,Bhai,1
2456,",Mattar",1
2457,wali.1w2,1
2458,likesReplypravinmahatoYour,1
2459,presentation,1
2460,goodğŸ‘Œ1w2,1
2461,likesReplyksatayender7777777Ye,1
2462,current,2
2463,pehle,2
2464,ki1w1,1
2465,likeReplyeasyplatterChatakdaaar,1
2466,ğŸ˜…1w1,1
2467,likeReplykhandgurrMazedar,1
2468,ji1w1,1
2469,likeReplydeccanbtnindiankitchenMy,1
2470,zindabad!1w1,1
2471,likeReplydesiduniyafoodtalkEkdum,1
2472,badhiya,1
2473,ğŸ˜1w1,1
2474,likeReplysunny.kashyap.85Bina,1
2475,mask,1
2476,ke.kaise,1
2477,bhai1w1,1
2478,likeReplyzeest11https://youtu.be/--ulnh1-8Uk1wReplymusewithmollyThis,1
2479,good.,1
2480,Miss,1
2481,theseğŸ˜â¤ï¸1wReplyJune,1
2482,"dilsefoodieVerifiedâ€¢Follow150,494",1
2483,viewsdilsefoodieVerifiedPaneer,1
2484,RecipeVery,2
2485,Step,2
2486,Recipe.My,1
2487,Dear,1
2488,Professional,1
2489,"Chefs,",1
2490,Critics,1
2491,Negative,1
2492,People,2
2493,Am,2
2494,Not,1
2495,Profession,1
2496,Home,2
2497,Cooking,1
2498,Even,1
2499,Force,1
2500,Recipes.#dilsefoodie1wajitalivesWhy,1
2501,masala?,1
2502,Any,1
2503,substitute,1
2504,that?,1
2505,Kitchen,1
2506,king,1
2507,maybe...1w5,1
2508,(4)spoon_tasteLajawabğŸ”¥ğŸ˜1w4,1
2509,likesReplyfahad_aartekButter,1
2510,",cream",1
2511,",cheese",1
2512,bhai,1
2513,ne,1
2514,lekin,1
2515,pyaz,1
2516,Mae,1
2517,fry,1
2518,tha,1
2519,..motey,1
2520,patle,1
2521,khyal,1
2522,rakha1w2,1
2523,(1)gourmetmusafirYour,1
2524,ğŸ˜ğŸ‘ğŸ»1w2,1
2525,likesReplysanju_reddy___It's,1
2526,brother,1
2527,Cook,1
2528,saying,1
2529,hotelier,1
2530,ğŸ˜â¤1w2,1
2531,likesReplynom_nom_stories_Oye,1
2532,hoyeğŸ˜ğŸ˜ğŸ˜ğŸ˜ğŸ˜1w1,1
2533,likeReplymealswithmemoriesOh,1
2534,truly,1
2535,lababdarğŸ˜‹,1
2536,completely,1
2537,awe,1
2538,"recipes,",1
2539,simple,1
2540,quick,1
2541,utterly,1
2542,â¤ï¸1w1,1
2543,likeReply_shalini_agsYummyğŸ™ˆ1w1,1
2544,likeReplykejriwalshubham20ğŸ‘ŒğŸ‘ŒğŸ‘ŒğŸ‘Œkajab1w2,1
2545,likesReplymt050510â¤ï¸1w1,1
2546,likeReplyvinyaingaleğŸ”¥1w1,1
2547,likeReplynikeneeraj6162Bhaiya,1
2548,butter,5
2549,wali,1
2550,recapie,1
2551,hai1w1,1
2552,"dilsefoodieVerifiedâ€¢Follow95,182",1
2553,viewsdilsefoodieVerifiedGoan,1
2554,Fish,3
2555,Curry,3
2556,ğŸ˜Tag,1
2557,That,1
2558,Friend,1
2559,Who,1
2560,Would,1
2561,Love,1
2562,Try,1
2563,Recipe.Thanks,1
2564,@arjun_budhiraja,1
2565,Fresh,1
2566,Raw,1
2567,Direct,1
2568,From,1
2569,Gazipur,1
2570,Mandi.,1
2571,#dilsefoodie,1
2572,#FoodFood,1
2573,#Fishcurry1wabhishek_vaibhav_simonYaar,1
2574,ap,2
2575,jo,1
2576,ghar,1
2577,bnate,1
2578,na,2
2579,woh,1
2580,ğŸ”¥ekdm,1
2581,10on,1
2582,bhar,1
2583,jb,1
2584,dalte,1
2585,hygiene,2
2586,bi,1
2587,promote,1
2588,kia,1
2589,kro,1
2590,unko,1
2591,bta,1
2592,krke,1
2593,jinki,1
2594,hmtk,1
2595,phuchate,1
2596,n,1
2597,chikn,1
2598,awsm,1
2599,brotherğŸ˜‹ğŸ˜‹ğŸ˜‹ğŸ˜‹1w1,1
2600,likeReplypranjal_kum_rYou,1
2601,better,2
2602,mom.,1
2603,compliment,1
2604,give,1
2605,anyone.ğŸ”¥ğŸ”¥ğŸ”¥ğŸ”¥1w1,1
2606,likeReplyreviverameshğŸ’“ğŸ˜‚â¤ï¸,1
2607,coconut,1
2608,f,1
2609,Goan,1
2610,n.,1
2611,Kerala,1
2612,recipe's.,1
2613,better.ğŸ‘1w1,1
2614,likeReplyfood_jamkeYummmmmğŸ˜‹ğŸ˜‹ğŸ˜‹ğŸ˜‹1w1,1
2615,likeReplywheres_d_foodBhai,1
2616,gajjabğŸ”¥1w1,1
2617,likeReplybo_3ajmiLove,1
2618,doing,1
2619,seems,1
2620,ğŸ˜‹1w1,4
2621,likeReplyflavoured_talesğŸ˜ğŸ˜,1
2622,yumm,1
2623,ğŸ˜‹ğŸ˜‹1w1,1
2624,likeReplyap_food_cartGoan,1
2625,fish,4
2626,likeReplyvishalpwdAise,1
2627,onion,2
2628,kaun,1
2629,daalta,1
2630,curry,2
2631,mein,2
2632,?,2
2633,Muh,1
2634,aayenge.,1
2635,mazza,1
2636,uska,1
2637,ek,1
2638,damm,1
2639,liquidy,1
2640,hoti,1
2641,hai.1wReplyView,1
2642,(3)rish1088Bro,1
2643,attempt,1
2644,being,1
2645,goan,2
2646,ill,1
2647,50%,1
2648,right1w1,1
2649,likeReplylucky_hiraFinally,1
2650,koi,1
2651,dish,1
2652,upload,1
2653,ki,1
2654,kisi,1
2655,"ne,,",1
2656,chefs,1
2657,responds1w1,1
2658,likeReplyallahabadifoodieWow1wReplyJune,1
2659,"dilsefoodieVerifiedâ€¢Follow127,788",1
2660,viewsdilsefoodieVerifiedComputerized,1
2661,KulcheAmazing,1
2662,Have,1
2663,ğŸ˜Š#dilsefoodie1wvinay_thephenomIsme,1
2664,computerized,1
2665,hai?1w4,1
2666,(3)parijat028Karan,1
2667,Sir,1
2668,ğŸ™,1
2669,Take,1
2670,position,1
2671,CM,1
2672,Delhi,6
2673,least,1
2674,far,2
2675,Politicians,1
2676,safe,1
2677,hands1w6,1
2678,(1)deepanshu__sainiLaxmi,1
2679,wale,1
2680,hmare,1
2681,uncle1w3,1
2682,(1)amanbassi.95Bai,1
2683,tu,1
2684,fuddu,1
2685,ik,1
2686,bar,1
2687,bar1w3,1
2688,likesReplyfoodo_woodoBehtareeeeeenğŸ‘ŒğŸ‘ŒğŸ‘ŒğŸ‘ŒğŸ‘Œ1w3,1
2689,likesReplykanojiadikshikaGuru,1
2690,angad,1
2691,ngr,1
2692,2,2
2693,east,1
2694,west1w1,1
2695,(2)pinkz0831Mt,1
2696,jalao,1
2697,yaha,1
2698,dur,2
2699,tk,1
2700,esa,1
2701,kuch,1
2702,nai,1
2703,milta,1
2704,gujarat,1
2705,me1w2,1
2706,likesReplygorakhpurdelicaciesğŸ˜ğŸ˜‹ğŸ˜‹ğŸ˜‹1w1,1
2707,likeReplyiamatul29Bhai,1
2708,nirman,1
2709,vihar,1
2710,pr,1
2711,yeh,1
2712,opposite,1
2713,V3S,1
2714,mall,1
2715,bhoot,1
2716,bdiyağŸ”¥ğŸ”¥ğŸ”¥,1
2717,tha1w1,1
2718,likeReplythelatenightkingSir,1
2719,per,1
2720,plate,1
2721,think,1
2722,mention,1
2723,...it1w1,1
2724,likeReplyfoodvoyagerbadhanSoulful,1
2725,always...,1
2726,likeReplyim__rohan__Place?1w1,1
2727,foodtalkindiaVerifiedâ€¢Follow770,1
2728,viewsfoodtalkindiaVerifiedWe,1
2729,wholeheartedly,1
2730,starting,1
2731,World,1
2732,Chocolate,1
2733,Day,1
2734,ğŸ«ğŸ¤©celebrations,1
2735,advance,1
2736,ultimate,1
2737,decadent,1
2738,lava,1
2739,@shivesh17,1
2740,Ingredients*,1
2741,â…“,1
2742,castor,1
2743,tbsp,2
2744,Â½,3
2745,warm,2
2746,milk,1
2747,purpose,2
2748,/,1
2749,wheat,1
2750,4,2
2751,cocoa,2
2752,powder,2
2753,tsp,1
2754,Some,1
2755,couverture,1
2756,Instructions1.,1
2757,Preheat,1
2758,oven,1
2759,180,2
2760,degrees,2
2761,2.,1
2762,Mix,2
2763,caster,1
2764,well.,2
2765,3.,1
2766,When,1
2767,incorporated,1
2768,"well,",1
2769,milk.,1
2770,4.,1
2771,"Then,",1
2772,"flour,",1
2773,"powder,",1
2774,powder.,1
2775,5.,1
2776,6.,1
2777,Into,1
2778,prepared,1
2779,ramekin,1
2780,glass,1
2781,"bowl,",1
2782,batter.,1
2783,7.,1
2784,"middle,",1
2785,2-3,1
2786,"spoon,",1
2787,chocolate.,1
2788,8.,1
2789,Bake,1
2790,edges,1
2791,tops,1
2792,crisp.,1
2793,9.,1
2794,Serve,1
2795,berries,1
2796,cream.11mvegyatriWow,1
2797,yum,1
2798,ğŸ¤¤11mReply11,1
2799,foodtalkindiaVerifiedâ€¢Follow815,1
2800,likesfoodtalkindiaVerified#TalkRecipe,1
2801,SO,1
2802,easier.,1
2803,doesn't,1
2804,simpler,1
2805,folks.,1
2806,Brush,1
2807,favourite,3
2808,toppings.,1
2809,Enjoy!,1
2810,ğŸ•ğŸ¥³..#sundaymealprep,1
2811,#sundayvibes21hkingoffoodtimesAmazing,1
2812,ğŸ‘18h1,1
2813,likeReplytoushiyaazmathWow,2
2814,good20h1,1
2815,likeReplyleharsrivastava11PizzağŸ˜1hReplyaadilraimehra@aneeqamehra17h2,1
2816,likesReplydelhiciousfreshlybakedThis,1
2817,awesome!,1
2818,@foodtalkindia2h1,1
2819,likeReplydhwani2191@priyankabagga2h1,1
2820,likeReplysharayueatsHey,1
2821,post!,1
2822,@sharayueats,1
2823,recipes.,1
2824,ğŸ˜21hReply21,1
2825,foodtalkindiaVerifiedâ€¢Follow228,1
2826,likesfoodtalkindiaVerifiedBecause,1
2827,story,1
2828,salad.,1
2829,.Whatâ€™s,1
2830,Saturday,1
2831,tipple,1
2832,tonight?#SaturdayNight,1
2833,#SaturdayMood1dnotacurryMust,1
2834,now!1d1,1
2835,likeReplyn.a.m.a.n__j.a.i.nYou,1
2836,"posts,",1
2837,review,1
2838,@heavenly_sides,1
2839,wellâ¤ï¸1dReply1,1
2840,"foodtalkindiaVerifiedâ€¢Follow2,296",1
2841,likesfoodtalkindiaVerifiedCurious,1
2842,create,1
2843,home?,1
2844,@chicagopizzaofficial,1
2845,â€˜s,1
2846,Kits,1
2847,safety,1
2848,comfort,1
2849,home!These,1
2850,kits,1
2851,customisable,1
2852,premium,1
2853,instructions.,1
2854,fun,1
2855,activity,1
2856,family!,1
2857,.Included,1
2858,box:,1
2859,3/5,1
2860,"bases,",1
2861,"sauce,",1
2862,cheese,1
2863,choice,1
2864,toppings.Packed,1
2865,delivered,1
2866,utmost,1
2867,protocols.,1
2868,Well,1
2869,priced,1
2870,799/-,1
2871,1099/-,1
2872,kit,1
2873,respectively.,1
2874,Free,1
2875,delivery.,1
2876,fix,1
2877,now!,1
2878,Order,1
2879,online,1
2880,kit.chicagopizza.in,1
2881,whatsapp/call,1
2882,8802473828.2dshivani_sparklingstarsWhat,1
2883,contents2d2,1
2884,(1)bombaypandaPizzzzzzzzzzaaaaaaaa,1
2885,ğŸ˜ğŸ˜2d2,1
2886,likesReplychicagopizzaofficialğŸ˜ğŸ˜2d1,1
2887,likeReplyishaniattree@shreyasharma21992d3,1
2888,likesReplysrishtiibhatiaa@yuthikakapoor2d2,1
2889,likesReplyvashitaaa@jatin.khatri19,1
2890,quite,1
2891,okay,1
2892,ğŸ˜›2d1,1
2893,(2)2,1
2894,"foodtalkindiaVerifiedâ€¢Follow4,579",1
2895,viewsfoodtalkindiaVerifiedIce,1
2896,cream...all,1
2897,day...every,1
2898,day.ğŸ¦ğŸ™ŒğŸ¼,1
2899,#summervibes3dpickyplatesYaaasğŸ˜3d1,1
2900,likeReplythe_roz.ted_beansğŸ˜ğŸ˜Cutie3d1,1
2901,likeReplyita_da_ki_masuHahah,1
2902,trueğŸ˜2dReplyswati1588@ankiee31,1
2903,@shweta.pandey1593,1
2904,ğŸ™ˆ3d3,1
2905,(1)sakshi.35@dikshita.7,1
2906,ğŸ˜ğŸ˜3d1,1
2907,(1)raashi05@sagar.chawdhary,1
2908,ğŸ˜¬3d1,1
2909,likeReplykartik58_smasher@ankita.v.aggarwal3d1,1
2910,likeReplynehajattu@sid,1
2911,reminds,1
2912,usğŸ˜œ1dReply3,1
2913,foodtalkindiaVerifiedâ€¢Followthegrammarroomolivedelhi920,1
2914,likesfoodtalkindiaVerifiedNow,1
2915,delivery,1
2916,pick-up!,1
2917,eases,1
2918,"little,",1
2919,gourmet,1
2920,"delivery,",1
2921,bringing,1
2922,happiness,1
2923,back,1
2924,doorstep!To,1
2925,feed,2
2926,"cravings,",1
2927,weâ€™ve,1
2928,selection,1
2929,week,1
2930,must-order,1
2931,addresses.,1
2932,swipe,1
2933,left,1
2934,gorge,1
2935,home!@thegrammarroom,1
2936,@olivedelhi,1
2937,@mahabelly,1
2938,South,1
2939,Gurgaon,1
2940,@tenalikitchen,1
2941,Delhi@thaicratedelivery,1
2942,NCR3dperpetual.appetiteLooks,1
2943,greatğŸ˜‹ğŸ˜‹3d1,1
2944,likeReplyo_odreamcatchero_oYum,1
2945,yum3d1,1
2946,likeReplythefoodiemisfitâ¤ï¸3d1,1
2947,likeReplythe_forkandspoon_lovestoryThis,1
2948,delicious3d1,1
2949,likeReplynotso.fatsoSo,1
2950,ğŸ˜â¤ï¸3d1,1
2951,likeReplycheerandchewWow3d1,1
2952,likeReplytenalikitchenThank,1
2953,ğŸ™3d1,1
2954,likeReplycooketarian5Wowwwâ¤ï¸3d1,1
2955,likeReplyfoodmakesmedroolSomebody,1
2956,ğŸ¥ºğŸ˜­ğŸ˜3d1,1
2957,likeReplydesi_kitchen_njğŸ”¥3d1,1
2958,likeReplyita_da_ki_masuYummyğŸ˜2dReplydeebaabidi@abidinazia3d1,1
2959,likeReply3,1
2960,"foodtalkindiaVerifiedâ€¢Follow5,091",1
2961,viewsfoodtalkindiaVerifiedEasy,1
2962,Fudgy,1
2963,Brownies,1
2964,@anjali__batra,1
2965,Ingredients:,1
2966,.1,1
2967,@amul_india,2
2968,salted,1
2969,{,5
2970,100,1
2971,grams}1,3
2972,dark,1
2973,130,1
2974,120,1
2975,190,1
2976,grams,1
2977,powered,1
2978,sugar}1,1
2979,tsp.,2
2980,vanilla,2
2981,essence2,1
2982,eggsTip.,1
2983,Add,1
2984,espresso,1
2985,Coffee,1
2986,mixed,1
2987,intensify,1
2988,},1
2989,.Method:,1
2990,.Melt,1
2991,butter.,1
2992,Sieve,1
2993,Keep,1
2994,powdered,2
2995,ready.,1
2996,Beat,1
2997,pale,1
2998,yellow,1
2999,incorporate,1
3000,sieved,1
3001,essence,1
3002,(donâ€™t,1
3003,it),1
3004,mixture,1
3005,pan,1
3006,lined,1
3007,parchment,1
3008,paper,1
3009,bake,1
3010,20-25mins,1
3011,preheated,1
3012,oven.5dtoushiyaazmathWow,1
3013,awesome5d1,1
3014,likeReplycomfortinninsysâ¤ï¸ğŸ‘4dReplyanwesha5671Egg,1
3015,alternative,1
3016,...??5dReplybombaypandaOh,1
3017,ma,1
3018,gawd,1
3019,ğŸ¼ğŸ¼4dReply5,1
3020,"foodtalkindiaVerifiedâ€¢Follow2,948",1
3021,likesfoodtalkindiaVerifiedWho,1
3022,knew,1
3023,social,1
3024,distancing,1
3025,adorable?,1
3026,ğŸ»,1
3027,..ğŸ“¸:,1
3028,@lechoupinetparis6dsoulamblesAwwieee,1
3029,ğŸ’›6d2,1
3030,likesReplydipalisaha15So,1
3031,sweetğŸ˜ŠğŸ˜Š6d2,1
3032,likesReplyparulbajaj04â¤ï¸6d1,1
3033,shot6d1,1
3034,likeReplyita_da_ki_masuHow,1
3035,cuteğŸ˜6d1,1
3036,likeReplyaishkakkarâ¤ï¸6d1,1
3037,likeReplyshootmyfood_This,1
3038,cute,1
3039,ğŸ˜Š6d1,1
3040,likeReplycrazymindhopsâ¤ï¸â™¥ï¸â™¥ï¸6d1,1
3041,likeReplyhomeii_foodğŸ˜,1
3042,adorable6d1,1
3043,likeReplyrumabhargavabehlLove,1
3044,!,1
3045,ğŸ¤—6d1,1
3046,likeReplyrestless_cookOr,1
3047,creepy,1
3048,ğŸ™„6d1,1
3049,likeReplymysteriouskitchen___â¤ï¸â¤ï¸â¤ï¸4dReply6,1
3050,"foodtalkindiaVerifiedâ€¢Follow3,431",1
3051,likesfoodtalkindiaVerifiedA,1
3052,tribute,1
3053,"PRIDE,",1
3054,exquisite,1
3055,rainbow,1
3056,coloured,1
3057,home-made,1
3058,dim,1
3059,sums!,1
3060,ğŸ˜..Tag,1
3061,DimSum,1
3062,lover!ğŸ¥ŸğŸŒˆHAPPY,1
3063,PRIDEğŸŒˆCredits:,1
3064,@taramilktea,1
3065,@parambanana1wvegyatriWow,1
3066,ğŸ‘1w1,1
3067,likeReplypoonamkanoğŸ‘ğŸ‘ğŸ‘ğŸŒŸ6d1,1
3068,likeReplythecrumbleandflakeYummmy,1
3069,likeReplydulceriasasLove,1
3070,it!,1
3071,ğŸ’•6d1,1
3072,likeReplythathungrybaniyaWoww!,1
3073,Looks,1
3074,likeReplyonthegoindiaFabulous,1
3075,image,1
3076,likeReplyworldculinaryentertainmentIâ€™ll,2
3077,pork,2
3078,filled,2
3079,please.6d1,2
3080,likeReply__foodieme__OmgğŸ˜ğŸ˜wowww6d1,1
3081,likeReplyletsdiginn_foodiesğŸ˜ğŸ˜ğŸ˜6d1,1
3082,likeReplychasing_flavours_So,1
3083,aesthetic!,1
3084,âœ¨ğŸ˜6d1,1
3085,likeReplywhatdillieatsDamnâ¤ï¸6d1,1
3086,likeReply7,2
3087,"foodtalkindiaVerifiedâ€¢Follow2,502",1
3088,likesfoodomaniaYeah,1
3089,thatâ€™ll,1
3090,ğŸ˜‚ğŸ˜‚ğŸ˜‚1w2,1
3091,likesReplylatikabakesğŸ˜‚1w1,1
3092,likeReplyeatwithkarthikğŸ˜€1w1,1
3093,likeReplyshacktosoulThere,1
3094,rectangles,1
3095,squares1w1,1
3096,likeReplysrinidhi_hebburEpic,1
3097,ğŸ˜‚1w1,2
3098,likeReplybalamonika123ğŸ˜‚ğŸ˜‚ğŸ˜‚1w1,1
3099,likeReplyteslagirl007I,1
3100,this!!,1
3101,Sometimes,1
3102,center,1
3103,piece!!,1
3104,likeReplyshamin_dszGood,1
3105,likeReplyaudela_hydğŸ˜‚ğŸ˜‚ğŸ˜‚ğŸ˜‚1w1,1
3106,likeReplypriyatulshanHaha!!,1
3107,Totally,1
3108,can!ğŸ¤ª1w1,1
3109,likeReplymysteriouskitchen___ğŸ˜‚ğŸ˜‚ğŸ˜‚1w1,1
3110,likeReplymehak.wadhwaniHahahaaa1w1,1
